bjcd,name,lon,lat
1111010100,청운동,126.96932,37.58921
1111010200,신교동,126.96794,37.58451
1111010300,궁정동,126.97271,37.5847
1111010400,효자동,126.97195,37.58267
1111010500,창성동,126.97247,37.58056
1111010600,통의동,126.97287,37.57808
1111010700,적선동,126.97379,37.57532
1111010800,통인동,126.97022,37.58016
1111010900,누상동,126.96274,37.5804
1111011000,누하동,126.96828,37.57929
1111011100,옥인동,126.96342,37.58354
1111011200,체부동,126.97087,37.57759
1111011300,필운동,126.96815,37.5773
1111011400,내자동,126.97174,37.57531
1111011500,사직동,126.96596,37.57541
1111011600,도렴동,126.97476,37.57312
1111011700,당주동,126.97401,37.57159
1111011800,내수동,126.97197,37.57333
1111011900,세종로,126.97679,37.5803
1111012000,신문로1가,126.97392,37.57019
1111012100,신문로2가,126.96923,37.57086
1111012200,청진동,126.98018,37.57145
1111012300,서린동,126.98042,37.56952
1111012400,수송동,126.98065,37.5737
1111012500,중학동,126.97968,37.57531
1111012600,종로1가,126.97972,37.57043
1111012700,공평동,126.98318,37.57131
1111012800,관훈동,126.98468,37.57416
1111012900,견지동,126.98301,37.57352
1111013000,와룡동,126.99255,37.58171
1111013100,권농동,126.99167,37.5765
1111013200,운니동,126.98824,37.57639
1111013300,익선동,126.98971,37.57435
1111013400,경운동,126.98642,37.5752
1111013500,관철동,126.986,37.56912
1111013600,인사동,126.98607,37.57172
1111013700,낙원동,126.98862,37.57257
1111013800,종로2가,126.98694,37.57046
1111013900,팔판동,126.98073,37.5828
1111014000,삼청동,126.98102,37.59077
1111014100,안국동,126.98363,37.5774
1111014200,소격동,126.98093,37.57962
1111014300,화동,126.98273,37.58069
1111014400,사간동,126.9804,37.57726
1111014500,송현동,126.98187,37.57678
1111014600,가회동,126.98484,37.58268
1111014700,재동,126.98528,37.57833
1111014800,계동,126.98693,37.58235
1111014900,원서동,126.98826,37.58392
1111015000,훈정동,126.9942,37.57438
1111015100,묘동,126.99174,37.57244
1111015200,봉익동,126.993,37.57219
1111015300,돈의동,126.99074,37.57198
1111015400,장사동,126.99404,37.56924
1111015500,관수동,126.99048,37.56908
1111015600,종로3가,126.99235,37.57041
1111015700,인의동,126.99769,37.57234
1111015800,예지동,126.99832,37.56964
1111015900,원남동,126.99754,37.57556
1111016000,연지동,127.00017,37.57375
1111016100,종로4가,126.99795,37.57067
1111016200,효제동,127.00309,37.57305
1111016300,종로5가,127.00354,37.57062
1111016400,종로6가,127.00769,37.57194
1111016500,이화동,127.00563,37.57724
1111016600,연건동,126.99969,37.5787
1111016700,충신동,127.00596,37.57496
1111016800,동숭동,127.00489,37.58141
1111016900,혜화동,127.00176,37.5879
1111017000,명륜1가,126.99749,37.58911
1111017100,명륜2가,126.99904,37.5847
1111017200,명륜4가,126.99988,37.58223
1111017300,명륜3가,126.99315,37.58822
1111017400,창신동,127.01246,37.57543
1111017500,숭인동,127.01896,37.57556
1111017600,교남동,126.96447,37.56855
1111017700,평동,126.96686,37.56792
1111017800,송월동,126.96522,37.57008
1111017900,홍파동,126.96398,37.57115
1111018000,교북동,126.96146,37.57154
1111018100,행촌동,126.96263,37.57368
1111018200,구기동,126.95928,37.61939
1111018300,평창동,126.97451,37.61303
1111018400,부암동,126.9656,37.59477
1111018500,홍지동,126.95658,37.60082
1111018600,신영동,126.96184,37.60252
1111018700,무악동,126.95858,37.57711
1114010100,무교동,126.97901,37.56816
1114010200,다동,126.98119,37.56791
1114010300,태평로1가,126.97728,37.5677
1114010400,을지로1가,126.98059,37.56599
1114010500,을지로2가,126.98593,37.56588
1114010600,남대문로1가,126.98286,37.56758
1114010700,삼각동,126.98424,37.5681
1114010800,수하동,126.98464,37.56728
1114010900,장교동,126.98699,37.56745
1114011000,수표동,126.98952,37.56747
1114011100,소공동,126.98009,37.56407
1114011200,남창동,126.97762,37.55808
1114011300,북창동,126.9782,37.56245
1114011400,태평로2가,126.97639,37.56301
1114011500,남대문로2가,126.98212,37.56395
1114011600,남대문로3가,126.97959,37.5617
1114011700,남대문로4가,126.97564,37.56061
1114011800,남대문로5가,126.97531,37.5561
1114011900,봉래동1가,126.97277,37.5591
1114012000,봉래동2가,126.97099,37.55656
1114012100,회현동1가,126.98151,37.55651
1114012200,회현동2가,126.98293,37.55876
1114012300,회현동3가,126.98408,37.56017
1114012400,충무로1가,126.98252,37.56117
1114012500,충무로2가,126.98781,37.56172
1114012600,명동1가,126.98466,37.5643
1114012700,명동2가,126.98529,37.56289
1114012800,남산동1가,126.9846,37.55935
1114012900,남산동2가,126.98585,37.55866
1114013000,남산동3가,126.98745,37.56017
1114013100,저동1가,126.9878,37.56443
1114013200,충무로4가,126.99585,37.56233
1114013300,충무로5가,126.99965,37.56285
1114013400,인현동2가,126.99617,37.56422
1114013500,예관동,126.99822,37.56423
1114013600,묵정동,127.00056,37.56135
1114013700,필동1가,126.99247,37.56109
1114013800,필동2가,126.99472,37.55877
1114013900,필동3가,126.99702,37.55851
1114014000,남학동,126.99083,37.56058
1114014100,주자동,126.9894,37.56066
1114014200,예장동,126.99012,37.55523
1114014300,장충동1가,127.00758,37.56098
1114014400,장충동2가,127.00059,37.555
1114014500,광희동1가,127.00533,37.56502
1114014600,광희동2가,127.00843,37.56395
1114014700,쌍림동,127.00424,37.56353
1114014800,을지로6가,127.00688,37.56778
1114014900,을지로7가,127.00962,37.56629
1114015000,을지로4가,126.99776,37.56644
1114015100,을지로5가,127.00236,37.56672
1114015200,주교동,126.99938,37.56827
1114015300,방산동,127.00298,37.56873
1114015400,오장동,127.00081,37.56472
1114015500,을지로3가,126.99221,37.56633
1114015600,입정동,126.99292,37.56782
1114015700,산림동,126.99594,37.56768
1114015800,충무로3가,126.99175,37.56239
1114015900,초동,126.99222,37.56443
1114016000,인현동1가,126.99431,37.56458
1114016100,저동2가,126.98979,37.56424
1114016200,신당동,127.01367,37.55791
1114016300,흥인동,127.01638,37.56731
1114016400,무학동,127.01529,37.56437
1114016500,황학동,127.02084,37.56855
1114016600,서소문동,126.97393,37.56317
1114016700,정동,126.97315,37.56661
1114016800,순화동,126.97071,37.56257
1114016900,의주로1가,126.96811,37.56475
1114017000,충정로1가,126.96826,37.5665
1114017100,중림동,126.96634,37.55884
1114017200,의주로2가,126.96962,37.56074
1114017300,만리동1가,126.96731,37.55616
1114017400,만리동2가,126.96396,37.55463
1117010100,후암동,126.98062,37.5499
1117010200,용산동2가,126.98503,37.5429
1117010300,용산동4가,126.98518,37.53054
1117010400,갈월동,126.97236,37.5454
1117010500,남영동,126.97336,37.54286
1117010600,용산동1가,126.97703,37.54001
1117010700,동자동,126.97243,37.55207
1117010800,서계동,126.9668,37.55217
1117010900,청파동1가,126.96747,37.54879
1117011000,청파동2가,126.96624,37.54601
1117011100,청파동3가,126.96696,37.54325
1117011200,원효로1가,126.96745,37.53998
1117011300,원효로2가,126.96334,37.5363
1117011400,신창동,126.95498,37.53577
1117011500,산천동,126.95143,37.53548
1117011600,청암동,126.94667,37.5345
1117011700,원효로3가,126.95765,37.5343
1117011800,원효로4가,126.95073,37.53255
1117011900,효창동,126.96088,37.54278
1117012000,도원동,126.95594,37.53866
1117012100,용문동,126.95969,37.53765
1117012200,문배동,126.96942,37.53711
1117012300,신계동,126.96577,37.53518
1117012400,한강로1가,126.97302,37.53608
1117012500,한강로2가,126.9686,37.53154
1117012600,용산동3가,126.97694,37.53186
1117012700,용산동5가,126.97457,37.52615
1117012800,한강로3가,126.9622,37.52766
1117012900,이촌동,126.96654,37.51745
1117013000,이태원동,126.99252,37.53851
1117013100,한남동,127.00522,37.53752
1117013200,동빙고동,126.99515,37.52446
1117013300,서빙고동,126.99131,37.51862
1117013400,주성동,126.99982,37.5213
1117013500,용산동6가,126.98482,37.51865
1117013600,보광동,127.00092,37.52687
1120010100,상왕십리동,127.02481,37.56846
1120010200,하왕십리동,127.02801,37.56398
1120010300,홍익동,127.03228,37.56651
1120010400,도선동,127.03355,37.56381
1120010500,마장동,127.04074,37.56736
1120010600,사근동,127.04761,37.55891
1120010700,행당동,127.03597,37.55766
1120010800,응봉동,127.03391,37.55093
1120010900,금호동1가,127.02499,37.55358
1120011000,금호동2가,127.02043,37.55304
1120011100,금호동3가,127.01959,37.5499
1120011200,금호동4가,127.0243,37.54547
1120011300,옥수동,127.02058,37.54092
1120011400,성수동1가,127.04283,37.54361
1120011500,성수동2가,127.05665,37.54069
1120011800,송정동,127.06208,37.55318
1120012200,용답동,127.05636,37.56147
1121510100,중곡동,127.08883,37.56354
1121510200,능동,127.08174,37.55058
1121510300,구의동,127.09297,37.54441
1121510400,광장동,127.10475,37.54786
1121510500,자양동,127.07453,37.5317
1121510700,화양동,127.07341,37.54325
1121510900,군자동,127.07367,37.55303
1123010100,신설동,127.02555,37.57495
1123010200,용두동,127.03429,37.57572
1123010300,제기동,127.03724,37.58377
1123010400,전농동,127.0557,37.57975
1123010500,답십리동,127.0567,37.57102
1123010600,장안동,127.07003,37.57021
1123010700,청량리동,127.04528,37.58881
1123010800,회기동,127.05146,37.59374
1123010900,휘경동,127.06453,37.58821
1123011000,이문동,127.06325,37.59946
1126010100,면목동,127.08923,37.58238
1126010200,상봉동,127.08711,37.59847
1126010300,중화동,127.07814,37.60051
1126010400,묵동,127.0798,37.61273
1126010500,망우동,127.10632,37.5996
1126010600,신내동,127.10082,37.6126
1129010100,성북동,126.99291,37.59726
1129010200,성북동1가,127.00374,37.58954
1129010300,돈암동,127.01828,37.5978
1129010400,동소문동1가,127.00728,37.59003
1129010500,동소문동2가,127.00826,37.58872
1129010600,동소문동3가,127.01125,37.59039
1129010700,동소문동4가,127.01066,37.59176
1129010800,동소문동5가,127.01539,37.59164
1129010900,동소문동6가,127.01426,37.59353
1129011000,동소문동7가,127.0142,37.59633
1129011100,삼선동1가,127.0079,37.58492
1129011200,삼선동2가,127.01138,37.58388
1129011300,삼선동3가,127.01307,37.58654
1129011400,삼선동4가,127.01317,37.59002
1129011500,삼선동5가,127.01588,37.58854
1129011600,동선동1가,127.01824,37.59231
1129011700,동선동2가,127.02002,37.59018
1129011800,동선동3가,127.02068,37.59393
1129011900,동선동4가,127.01862,37.5952
1129012000,동선동5가,127.01667,37.59629
1129012100,안암동1가,127.02211,37.58871
1129012200,안암동2가,127.02319,37.5869
1129012300,안암동3가,127.02334,37.58355
1129012400,안암동4가,127.02467,37.58069
1129012500,안암동5가,127.02839,37.58846
1129012600,보문동4가,127.02137,37.58291
1129012700,보문동5가,127.02008,37.5824
1129012800,보문동6가,127.01887,37.58041
1129012900,보문동7가,127.02238,37.57977
1129013000,보문동1가,127.01967,37.5865
1129013100,보문동2가,127.01823,37.58576
1129013200,보문동3가,127.01637,37.58397
1129013300,정릉동,126.99767,37.61559
1129013400,길음동,127.02214,37.60859
1129013500,종암동,127.0339,37.59718
1129013600,하월곡동,127.03937,37.60467
1129013700,상월곡동,127.04777,37.60618
1129013800,장위동,127.04991,37.61521
1129013900,석관동,127.06154,37.60827
1130510100,미아동,127.02388,37.6211
1130510200,번동,127.03676,37.62903
1130510300,수유동,127.00737,37.63833
1130510400,우이동,127.00053,37.66328
1132010500,쌍문동,127.0271,37.65336
1132010600,방학동,127.03105,37.66529
1132010700,창동,127.04406,37.64773
1132010800,도봉동,127.02924,37.68485
1135010200,월계동,127.05674,37.62824
1135010300,공릉동,127.09099,37.63047
1135010400,하계동,127.07251,37.63764
1135010500,상계동,127.07034,37.67299
1135010600,중계동,127.07999,37.65101
1138010100,수색동,126.89454,37.58558
1138010200,녹번동,126.93457,37.60531
1138010300,불광동,126.93559,37.61915
1138010400,갈현동,126.91358,37.62154
1138010500,구산동,126.90731,37.61108
1138010600,대조동,126.92315,37.61226
1138010700,응암동,126.92313,37.59383
1138010800,역촌동,126.91462,37.60458
1138010900,신사동,126.90721,37.59561
1138011000,증산동,126.90596,37.58417
1138011400,진관동,126.93775,37.6397
1141010100,충정로2가,126.96418,37.56485
1141010200,충정로3가,126.96196,37.56212
1141010300,합동,126.96607,37.56157
1141010400,미근동,126.96729,37.56334
1141010500,냉천동,126.96236,37.56682
1141010600,천연동,126.95943,37.56793
1141010700,옥천동,126.95913,37.56935
1141010800,영천동,126.95771,37.5703
1141010900,현저동,126.95405,37.57377
1141011000,북아현동,126.95437,37.56242
1141011100,홍제동,126.94896,37.58708
1141011200,대현동,126.94631,37.56042
1141011300,대신동,126.94431,37.56422
1141011400,신촌동,126.93995,37.56508
1141011500,봉원동,126.94752,37.57159
1141011600,창천동,126.93422,37.5587
1141011700,연희동,126.93283,37.57199
1141011800,홍은동,126.93862,37.59305
1141011900,북가좌동,126.91119,37.5788
1141012000,남가좌동,126.91944,37.57562
1144010100,아현동,126.95623,37.55449
1144010200,공덕동,126.955,37.54811
1144010300,신공덕동,126.95591,37.54408
1144010400,도화동,126.95004,37.53975
1144010500,용강동,126.94047,37.54151
1144010600,토정동,126.9398,37.53891
1144010700,마포동,126.94385,37.53714
1144010800,대흥동,126.9432,37.54982
1144010900,염리동,126.94727,37.54907
1144011000,노고산동,126.93778,37.55439
1144011100,신수동,126.93681,37.54857
1144011200,현석동,126.93438,37.54222
1144011300,구수동,126.93251,37.54565
1144011400,창전동,126.9301,37.55027
1144011500,상수동,126.92449,37.54667
1144011600,하중동,126.92797,37.54371
1144011700,신정동,126.93046,37.54302
1144011800,당인동,126.91964,37.54377
1144012000,서교동,126.91868,37.55378
1144012100,동교동,126.92516,37.55759
1144012200,합정동,126.90899,37.54697
1144012300,망원동,126.89986,37.55549
1144012400,연남동,126.92153,37.56304
1144012500,성산동,126.90469,37.56562
1144012600,중동,126.90617,37.57163
1144012700,상암동,126.8799,37.57075
1147010100,신정동,126.85575,37.5152
1147010200,목동,126.87454,37.53604
1147010300,신월동,126.83424,37.52644
1150010100,염창동,126.87179,37.55456
1150010200,등촌동,126.85431,37.55456
1150010300,화곡동,126.84727,37.5407
1150010400,가양동,126.85109,37.56825
1150010500,마곡동,126.82932,37.5684
1150010600,내발산동,126.8333,37.55249
1150010700,외발산동,126.81965,37.5471
1150010800,공항동,126.80893,37.55393
1150010900,방화동,126.81365,37.57608
1150011000,개화동,126.80361,37.5871
1150011100,과해동,126.78781,37.56563
1150011200,오곡동,126.78478,37.55296
1150011300,오쇠동,126.79793,37.54347
1153010100,신도림동,126.88225,37.50998
1153010200,구로동,126.88471,37.49422
1153010300,가리봉동,126.88804,37.4827
1153010600,고척동,126.85886,37.50319
1153010700,개봉동,126.85195,37.49423
1153010800,오류동,126.8386,37.49166
1153010900,궁동,126.82854,37.50043
1153011000,온수동,126.82059,37.49418
1153011100,천왕동,126.83986,37.48026
1153011200,항동,126.82459,37.48102
1154510100,가산동,126.88379,37.47668
1154510200,독산동,126.89824,37.46741
1154510300,시흥동,126.9093,37.44953
1156010100,영등포동,126.90692,37.51378
1156010200,영등포동1가,126.91287,37.51763
1156010300,영등포동2가,126.91219,37.52061
1156010400,영등포동3가,126.9079,37.51826
1156010500,영등포동4가,126.90358,37.51789
1156010600,영등포동5가,126.90668,37.52108
1156010700,영등포동6가,126.90321,37.52159
1156010800,영등포동7가,126.90712,37.52429
1156010900,영등포동8가,126.90534,37.52835
1156011000,여의도동,126.92847,37.52851
1156011100,당산동1가,126.89871,37.52179
1156011200,당산동2가,126.89371,37.52248
1156011300,당산동3가,126.89711,37.52586
1156011400,당산동4가,126.89908,37.52906
1156011500,당산동5가,126.9012,37.53209
1156011600,당산동6가,126.90288,37.53466
1156011700,당산동,126.90389,37.53651
1156011800,도림동,126.90048,37.5091
1156011900,문래동1가,126.89721,37.51238
1156012000,문래동2가,126.89311,37.51279
1156012100,문래동3가,126.89572,37.51727
1156012200,문래동4가,126.88988,37.51448
1156012300,문래동5가,126.8839,37.51669
1156012400,문래동6가,126.88468,37.51989
1156012500,양평동1가,126.8887,37.52319
1156012600,양평동2가,126.88376,37.52343
1156012700,양평동3가,126.89105,37.52903
1156012800,양평동4가,126.89615,37.53632
1156012900,양평동5가,126.89265,37.53939
1156013000,양평동6가,126.88957,37.54264
1156013100,양화동,126.88913,37.54797
1156013200,신길동,126.91362,37.50606
1156013300,대림동,126.90013,37.49542
1156013400,양평동,126.88896,37.53776
1159010100,노량진동,126.9419,37.51161
1159010200,상도동,126.94406,37.49874
1159010300,상도1동,126.95066,37.50326
1159010400,본동,126.95366,37.51245
1159010500,흑석동,126.96235,37.5055
1159010600,동작동,126.97388,37.49922
1159010700,사당동,126.97232,37.48563
1159010800,대방동,126.92799,37.50687
1159010900,신대방동,126.91719,37.49267
1162010100,봉천동,126.95349,37.47798
1162010200,신림동,126.93581,37.4632
1162010300,남현동,126.97776,37.46407
1165010100,방배동,126.99312,37.47949
1165010200,양재동,127.03746,37.47199
1165010300,우면동,127.01796,37.46594
1165010400,원지동,127.04864,37.4434
1165010600,잠원동,127.00938,37.51602
1165010700,반포동,127.00074,37.50398
1165010800,서초동,127.0168,37.48839
1165010900,내곡동,127.07682,37.45818
1165011000,염곡동,127.05365,37.4637
1165011100,신원동,127.06215,37.44419
1168010100,역삼동,127.03855,37.50008
1168010300,개포동,127.06265,37.48029
1168010400,청담동,127.05046,37.5244
1168010500,삼성동,127.05611,37.51396
1168010600,대치동,127.06335,37.49919
1168010700,신사동,127.02912,37.52339
1168010800,논현동,127.03171,37.51368
1168011000,압구정동,127.02851,37.53074
1168011100,세곡동,127.10463,37.46438
1168011200,자곡동,127.10037,37.47628
1168011300,율현동,127.11207,37.47081
1168011400,일원동,127.08287,37.48806
1168011500,수서동,127.09672,37.48588
1168011800,도곡동,127.04528,37.4886
1171010100,잠실동,127.08339,37.51196
1171010200,신천동,127.09893,37.52393
1171010300,풍납동,127.114,37.5332
1171010400,송파동,127.11355,37.50511
1171010500,석촌동,127.10251,37.50273
1171010600,삼전동,127.09189,37.5019
1171010700,가락동,127.11841,37.49569
1171010800,문정동,127.12256,37.48559
1171010900,장지동,127.13206,37.47686
1171011100,방이동,127.12539,37.51567
1171011200,오금동,127.13402,37.50401
1171011300,거여동,127.14499,37.48973
1171011400,마천동,127.15275,37.49849
1174010100,명일동,127.15082,37.54905
1174010200,고덕동,127.15753,37.56348
1174010300,상일동,127.16881,37.55059
1174010500,길동,127.14593,37.53962
1174010600,둔촌동,127.14472,37.52826
1174010700,암사동,127.13113,37.55764
1174010800,성내동,127.12899,37.53049
1174010900,천호동,127.12764,37.54438
1174011000,강일동,127.17346,37.56732
2611010100,영주동,129.03209,35.11209
2611010200,대창동1가,129.03611,35.10782
2611010300,대창동2가,129.03742,35.11066
2611010400,중앙동1가,129.03575,35.10075
2611010500,중앙동2가,129.03556,35.10211
2611010600,중앙동3가,129.03552,35.10341
2611010700,중앙동4가,129.03978,35.10668
2611010800,중앙동5가,129.03766,35.10198
2611010900,중앙동6가,129.03753,35.09991
2611011000,중앙동7가,129.03703,35.09757
2611011100,동광동1가,129.0357,35.09911
2611011200,동광동2가,129.03432,35.1002
2611011300,동광동3가,129.03402,35.10167
2611011400,동광동4가,129.03422,35.10329
2611011500,동광동5가,129.03395,35.10749
2611011600,대청동1가,129.03284,35.10437
2611011700,대청동2가,129.03102,35.10299
2611011800,대청동3가,129.02892,35.103
2611011900,대청동4가,129.02987,35.10615
2611012000,보수동1가,129.02587,35.1069
2611012100,보수동2가,129.02345,35.10509
2611012200,보수동3가,129.02229,35.10427
2611012300,부평동1가,129.02711,35.10073
2611012400,부평동2가,129.02576,35.10059
2611012500,부평동3가,129.02454,35.10137
2611012600,부평동4가,129.02269,35.10217
2611012700,신창동1가,129.03037,35.10132
2611012800,신창동2가,129.02945,35.10125
2611012900,신창동3가,129.02885,35.10131
2611013000,신창동4가,129.02823,35.10126
2611013100,창선동1가,129.03031,35.09952
2611013200,창선동2가,129.02861,35.09955
2611013300,광복동1가,129.03446,35.09873
2611013400,광복동2가,129.03245,35.1001
2611013500,광복동3가,129.03134,35.10057
2611013600,남포동1가,129.03491,35.09723
2611013700,남포동2가,129.03248,35.09828
2611013800,남포동3가,129.02925,35.09893
2611013900,남포동4가,129.032,35.09737
2611014000,남포동5가,129.02946,35.09755
2611014100,남포동6가,129.02707,35.09708
2614010100,동대신동1가,129.0222,35.11
2614010200,동대신동2가,129.02311,35.11341
2614010300,동대신동3가,129.02166,35.12376
2614010400,서대신동1가,129.01504,35.10751
2614010500,서대신동2가,129.01122,35.1096
2614010600,서대신동3가,129.0099,35.12585
2614010700,부용동1가,129.02097,35.10653
2614010800,부용동2가,129.01762,35.10648
2614010900,부민동1가,129.02059,35.10356
2614011000,부민동2가,129.01933,35.10366
2614011100,부민동3가,129.01621,35.10375
2614011200,토성동1가,129.02331,35.09941
2614011300,토성동2가,129.02151,35.10021
2614011400,토성동3가,129.02032,35.10025
2614011500,아미동1가,129.01912,35.10039
2614011600,아미동2가,129.01304,35.10024
2614011700,토성동4가,129.02351,35.09742
2614011800,토성동5가,129.02173,35.09749
2614011900,초장동,129.0175,35.09415
2614012000,충무동1가,129.02456,35.09552
2614012100,충무동2가,129.02227,35.09528
2614012200,충무동3가,129.02224,35.09387
2614012300,남부민동,129.02167,35.08714
2614012400,암남동,129.01439,35.07068
2617010100,초량동,129.03878,35.11945
2617010200,수정동,129.03847,35.13223
2617010300,좌천동,129.05319,35.12945
2617010400,범일동,129.05573,35.13681
2620010100,대교동1가,129.03795,35.09298
2620010200,대교동2가,129.041,35.09168
2620010300,대평동1가,129.03495,35.09107
2620010400,대평동2가,129.03278,35.09255
2620010500,남항동1가,129.0392,35.09024
2620010600,남항동2가,129.03729,35.08832
2620010700,남항동3가,129.03701,35.08505
2620010800,영선동1가,129.04391,35.09042
2620010900,영선동2가,129.04259,35.08826
2620011000,영선동3가,129.04135,35.08583
2620011100,영선동4가,129.04576,35.07926
2620011200,신선동1가,129.04706,35.09016
2620011300,신선동2가,129.04802,35.0866
2620011400,신선동3가,129.04982,35.08228
2620011500,봉래동1가,129.04022,35.09444
2620011600,봉래동2가,129.04287,35.09463
2620011700,봉래동3가,129.04498,35.09393
2620011800,봉래동4가,129.04898,35.09214
2620011900,봉래동5가,129.05196,35.09365
2620012000,청학동,129.06133,35.09174
2620012100,동삼동,129.07466,35.07089
2623010100,양정동,129.07097,35.17225
2623010200,전포동,129.0711,35.1575
2623010300,부전동,129.05792,35.15738
2623010400,범천동,129.05176,35.14808
2623010500,범전동,129.0601,35.16701
2623010600,연지동,129.05349,35.17184
2623010700,초읍동,129.04069,35.18579
2623010800,부암동,129.0381,35.17206
2623010900,당감동,129.02893,35.1673
2623011000,가야동,129.03235,35.14691
2623011100,개금동,129.02065,35.15387
2626010100,명장동,129.1026,35.20702
2626010200,안락동,129.10545,35.19596
2626010300,칠산동,129.09214,35.20449
2626010400,낙민동,129.09257,35.19668
2626010500,복천동,129.08833,35.20681
2626010600,수안동,129.08498,35.19895
2626010700,명륜동,129.08511,35.21094
2626010800,온천동,129.06818,35.21389
2626010900,사직동,129.05893,35.19888
2629010600,대연동,129.09255,35.14072
2629010700,용호동,129.11418,35.11446
2629010800,용당동,129.09763,35.11226
2629010900,문현동,129.07263,35.1409
2629011000,우암동,129.07569,35.12603
2629011100,감만동,129.08008,35.11296
2632010100,금곡동,129.02316,35.26174
2632010200,화명동,129.02536,35.23833
2632010300,만덕동,129.03853,35.21377
2632010400,덕천동,129.01013,35.21504
2632010500,구포동,129.00695,35.1984
2635010100,반송동,129.15246,35.22627
2635010200,석대동,129.13223,35.22494
2635010300,반여동,129.13154,35.20493
2635010400,재송동,129.12827,35.18576
2635010500,우동,129.14793,35.17426
2635010600,중동,129.17668,35.1624
2635010700,좌동,129.17423,35.18449
2635010800,송정동,129.19747,35.1846
2638010100,괴정동,128.99424,35.1035
2638010200,당리동,128.98318,35.11238
2638010300,하단동,128.95313,35.11071
2638010400,신평동,128.96644,35.09057
2638010500,장림동,128.96939,35.07627
2638010600,다대동,128.97255,35.05676
2638010700,구평동,128.99074,35.07374
2638010800,감천동,129.00448,35.0894
2641010100,두구동,129.11102,35.29143
2641010200,노포동,129.09096,35.2901
2641010300,청룡동,129.06977,35.28212
2641010400,남산동,129.08058,35.26803
2641010500,선동,129.11287,35.27116
2641010600,오륜동,129.11847,35.2484
2641010700,구서동,129.0841,35.25435
2641010800,장전동,129.07469,35.23529
2641010900,부곡동,129.09579,35.23215
2641011000,서동,129.10339,35.21799
2641011100,금사동,129.11174,35.22107
2641011200,회동동,129.12735,35.23755
2641011300,금성동,129.05393,35.25408
2644010100,대저1동,128.96608,35.21109
2644010200,대저2동,128.94263,35.16049
2644010300,강동동,128.91863,35.18046
2644010400,명지동,128.91363,35.10702
2644010500,죽림동,128.89989,35.20082
2644010600,식만동,128.90881,35.21269
2644010700,죽동동,128.88342,35.19978
2644010800,봉림동,128.89464,35.16885
2644010900,송정동,128.84718,35.09932
2644011000,화전동,128.87496,35.10414
2644011100,녹산동,128.88022,35.11717
2644011200,생곡동,128.87935,35.13223
2644011300,구랑동,128.85422,35.12744
2644011400,지사동,128.82486,35.14594
2644011500,미음동,128.85918,35.15285
2644011600,범방동,128.88207,35.15558
2644011700,신호동,128.87747,35.09016
2644011800,동선동,128.83775,35.04514
2644011900,성북동,128.81661,35.06378
2644012000,눌차동,128.84633,35.067
2644012100,천성동,128.82317,35.03209
2644012200,대항동,128.83083,35.00803
2647010100,거제동,129.06754,35.18858
2647010200,연산동,129.0913,35.17908
2650010100,망미동,129.10472,35.17297
2650010200,수영동,129.11764,35.17045
2650010300,민락동,129.12602,35.15984
2650010400,광안동,129.10939,35.15954
2650010500,남천동,129.10985,35.14401
2653010100,삼락동,128.97228,35.17508
2653010200,모라동,129.0011,35.18457
2653010300,덕포동,128.98844,35.17462
2653010400,괘법동,128.99315,35.16612
2653010500,감전동,128.97906,35.15025
2653010600,주례동,129.00555,35.15162
2653010700,학장동,128.98885,35.1377
2653010800,엄궁동,128.9706,35.13
2671025000,기장읍,129.20716,35.22585
2671025300,장안읍,129.24708,35.34956
2671025600,정관읍,129.17792,35.336
2671025900,일광읍,129.22325,35.28717
2671031000,일광면,129.25264,35.24448
2671033000,철마면,129.15447,35.28196
2711010100,동인동1가,128.60363,35.87225
2711010200,동인동2가,128.60328,35.86907
2711010300,동인동3가,128.60999,35.87183
2711010400,동인동4가,128.61043,35.8678
2711010500,삼덕동1가,128.59806,35.86652
2711010600,삼덕동2가,128.60265,35.86545
2711010700,삼덕동3가,128.60881,35.86437
2711010800,봉산동,128.59731,35.86304
2711010900,장관동,128.59057,35.86882
2711011000,상서동,128.58997,35.87045
2711011100,수동,128.58914,35.8697
2711011200,덕산동,128.5933,35.86607
2711011300,종로1가,128.59116,35.8703
2711011400,종로2가,128.59199,35.86834
2711011500,사일동,128.59456,35.87044
2711011600,동일동,128.59278,35.86971
2711011700,남일동,128.59366,35.86941
2711011800,전동,128.59283,35.87072
2711011900,동성로3가,128.59384,35.86745
2711012000,동문동,128.59945,35.87184
2711012100,문화동,128.59734,35.87126
2711012200,공평동,128.59841,35.86937
2711012300,동성로2가,128.59562,35.87006
2711012400,태평로1가,128.59811,35.87459
2711012500,교동,128.59887,35.87336
2711012600,용덕동,128.59671,35.87395
2711012700,상덕동,128.59779,35.87376
2711012800,완전동,128.59927,35.87254
2711012900,도원동,128.58335,35.87655
2711013000,수창동,128.58586,35.87526
2711013100,태평로3가,128.58616,35.87706
2711013200,인교동,128.58401,35.87289
2711013300,서야동,128.58575,35.87325
2711013400,서성로1가,128.58718,35.87243
2711013500,시장북로,128.58245,35.87211
2711013600,하서동,128.58805,35.8702
2711013700,남성로,128.58944,35.86837
2711013800,계산동1가,128.58636,35.86926
2711013900,계산동2가,128.58916,35.86718
2711014000,동산동,128.58426,35.86807
2711014100,서문로2가,128.58633,35.87089
2711014200,서성로2가,128.58721,35.87007
2711014300,포정동,128.59292,35.87189
2711014400,서문로1가,128.58925,35.87163
2711014500,서내동,128.58866,35.87267
2711014600,북성로2가,128.58921,35.87393
2711014700,대안동,128.59139,35.87312
2711014800,동성로1가,128.59573,35.87308
2711014900,태평로2가,128.59251,35.87548
2711015000,북성로1가,128.59366,35.87432
2711015100,화전동,128.59482,35.87316
2711015200,향촌동,128.59369,35.8733
2711015300,북내동,128.58966,35.87297
2711015400,대신동,128.57891,35.86713
2711015500,달성동,128.57903,35.87547
2711015600,남산동,128.58618,35.86114
2711015700,대봉동,128.60259,35.85883
2714010100,신암동,128.62459,35.884
2714010200,신천동,128.62325,35.87276
2714010300,효목동,128.64275,35.88028
2714010400,평광동,128.70178,35.93285
2714010500,봉무동,128.64406,35.92737
2714010600,불로동,128.63597,35.90737
2714010700,도동,128.6661,35.92303
2714010800,지저동,128.6419,35.89983
2714010900,입석동,128.6515,35.89795
2714011000,검사동,128.65996,35.89585
2714011100,방촌동,128.66824,35.88451
2714011200,둔산동,128.68803,35.90744
2714011300,부동,128.68963,35.89153
2714011400,신평동,128.68443,35.8828
2714011500,서호동,128.70972,35.86482
2714011600,동호동,128.7176,35.86629
2714011700,신기동,128.70493,35.86884
2714011800,율하동,128.69387,35.86495
2714011900,용계동,128.68724,35.87527
2714012000,율암동,128.70407,35.88073
2714012100,상매동,128.71028,35.90715
2714012200,매여동,128.72794,35.91497
2714012300,각산동,128.7176,35.8856
2714012400,신서동,128.73026,35.88553
2714012500,동내동,128.74148,35.89145
2714012600,괴전동,128.73831,35.87175
2714012700,금강동,128.73682,35.85926
2714012800,대림동,128.74644,35.8683
2714012900,사복동,128.75297,35.87114
2714013000,숙천동,128.75154,35.88125
2714013100,내곡동,128.75143,35.90242
2714013200,능성동,128.73481,35.96692
2714013300,진인동,128.72225,35.95536
2714013400,도학동,128.71097,35.9894
2714013500,백안동,128.69591,35.95438
2714013600,미곡동,128.68613,35.96672
2714013700,용수동,128.6843,35.98758
2714013800,신무동,128.66976,35.99997
2714013900,미대동,128.67232,35.95583
2714014000,내동,128.65741,35.96806
2714014100,신용동,128.64958,35.98572
2714014200,중대동,128.63547,35.98783
2714014300,송정동,128.62521,35.99549
2714014400,덕곡동,128.61669,35.98719
2714014500,지묘동,128.6428,35.95026
2717010100,내당동,128.55979,35.86171
2717010200,비산동,128.55834,35.88359
2717010300,평리동,128.55706,35.87377
2717010400,상리동,128.52595,35.87695
2717010500,중리동,128.54047,35.86395
2717010600,이현동,128.53908,35.87533
2717010700,원대동1가,128.57744,35.88175
2717010800,원대동2가,128.58,35.88427
2717010900,원대동3가,128.57526,35.88563
2720010100,이천동,128.60223,35.85146
2720010200,봉덕동,128.59581,35.82926
2720010300,대명동,128.577,35.83718
2723010100,칠성동1가,128.60484,35.87569
2723010200,칠성동2가,128.59564,35.8798
2723010300,고성동1가,128.58559,35.87858
2723010400,고성동2가,128.58414,35.87983
2723010500,고성동3가,128.5857,35.88216
2723010600,침산동,128.58832,35.89428
2723010700,노원동1가,128.5797,35.88852
2723010800,노원동2가,128.57381,35.89087
2723010900,노원동3가,128.56746,35.89548
2723011000,대현동,128.60835,35.88401
2723011100,산격동,128.60542,35.90031
2723011200,복현동,128.62193,35.89742
2723011300,검단동,128.62219,35.9172
2723011400,동변동,128.61129,35.92603
2723011500,서변동,128.59408,35.92553
2723011600,조야동,128.57643,35.91664
2723011700,노곡동,128.56116,35.90851
2723011800,읍내동,128.5434,35.9591
2723011900,동호동,128.56678,35.96705
2723012000,학정동,128.56638,35.95311
2723012100,도남동,128.59079,35.96887
2723012200,국우동,128.58758,35.94836
2723012300,구암동,128.56729,35.93231
2723012400,동천동,128.5591,35.93931
2723012500,관음동,128.54038,35.94477
2723012600,태전동,128.54475,35.92255
2723012700,매천동,128.53919,35.91036
2723012800,팔달동,128.53842,35.89774
2723012900,금호동,128.52612,35.90353
2723013000,사수동,128.51273,35.90119
2723013100,연경동,128.61329,35.95898
2726010100,범어동,128.63134,35.8578
2726010200,만촌동,128.64958,35.86262
2726010300,수성동1가,128.61094,35.85507
2726010400,수성동2가,128.61546,35.85537
2726010500,수성동3가,128.61916,35.8552
2726010600,수성동4가,128.61612,35.86269
2726010700,황금동,128.6331,35.84238
2726010800,중동,128.61235,35.84484
2726010900,상동,128.61169,35.83341
2726011000,파동,128.61438,35.81253
2726011100,두산동,128.62083,35.82856
2726011200,지산동,128.63567,35.82576
2726011300,범물동,128.65634,35.81031
2726011400,시지동,128.69506,35.84385
2726011500,매호동,128.7087,35.85057
2726011600,성동,128.72048,35.85148
2726011700,사월동,128.72056,35.84004
2726011800,신매동,128.70947,35.83635
2726011900,욱수동,128.69847,35.80905
2726012000,노변동,128.69702,35.83074
2726012200,삼덕동,128.66952,35.82684
2726012300,연호동,128.67144,35.84076
2726012400,이천동,128.65937,35.84293
2726012500,고모동,128.66977,35.8633
2726012600,가천동,128.68683,35.8524
2726012700,대흥동,128.68381,35.82027
2729010100,성당동,128.55636,35.84457
2729010200,두류동,128.56151,35.85413
2729010400,파호동,128.47389,35.84473
2729010500,호림동,128.48221,35.83552
2729010600,갈산동,128.50156,35.84205
2729010700,신당동,128.49248,35.85666
2729010800,이곡동,128.50822,35.85799
2729010900,장동,128.51539,35.84009
2729011000,장기동,128.5236,35.84581
2729011100,용산동,128.52392,35.85794
2729011200,죽전동,128.53693,35.85445
2729011300,감삼동,128.54065,35.84916
2729011400,본리동,128.53824,35.83996
2729011500,상인동,128.55541,35.81378
2729011600,도원동,128.55719,35.79494
2729011700,진천동,128.52568,35.81273
2729011800,유천동,128.51347,35.81502
2729011900,대천동,128.49971,35.82375
2729012000,월성동,128.52757,35.82822
2729012100,월암동,128.50882,35.83017
2729012200,송현동,128.55521,35.82584
2729012300,대곡동,128.5277,35.79873
2729012400,본동,128.53966,35.83373
2729012500,호산동,128.483,35.85078
2771025000,화원읍,128.51089,35.78792
2771025300,논공읍,128.43477,35.75108
2771025600,다사읍,128.46666,35.8728
2771025900,유가읍,128.48652,35.68344
2771026200,옥포읍,128.47833,35.76843
2771026500,현풍읍,128.42495,35.68789
2771031000,가창면,128.61931,35.75764
2771033000,하빈면,128.43221,35.89966
2771038000,구지면,128.40108,35.65681
2772025000,군위읍,128.5728,36.23711
2772031000,소보면,128.47687,36.26244
2772032000,효령면,128.59713,36.1383
2772033000,부계면,128.66029,36.06228
2772034000,우보면,128.65982,36.16985
2772035000,의흥면,128.73822,36.17047
2772036000,산성면,128.70969,36.10079
2772037000,삼국유사면,128.82044,36.15117
2811010100,중앙동1가,126.62046,37.47346
2811010200,중앙동2가,126.62173,37.47279
2811010300,중앙동3가,126.62288,37.472
2811010400,중앙동4가,126.6241,37.47131
2811010500,해안동1가,126.61995,37.47285
2811010600,해안동2가,126.62119,37.47218
2811010700,해안동3가,126.6223,37.47136
2811010800,해안동4가,126.6235,37.47066
2811010900,관동1가,126.62158,37.4737
2811011000,관동2가,126.62352,37.47274
2811011100,관동3가,126.62478,37.47206
2811011200,항동1가,126.61677,37.4739
2811011300,항동2가,126.61762,37.47243
2811011400,항동3가,126.61936,37.47206
2811011500,항동4가,126.62051,37.4714
2811011600,항동5가,126.62172,37.47071
2811011700,항동6가,126.62289,37.47003
2811011800,항동7가,126.61194,37.45206
2811011900,송학동1가,126.62246,37.47463
2811012000,송학동2가,126.62463,37.47395
2811012100,송학동3가,126.62598,37.47344
2811012200,사동,126.62554,37.46878
2811012300,신생동,126.62803,37.46709
2811012400,신포동,126.62668,37.47108
2811012500,답동,126.62923,37.4698
2811012600,신흥동1가,126.63143,37.46699
2811012700,신흥동2가,126.63388,37.46625
2811012800,신흥동3가,126.62615,37.44286
2811012900,선화동,126.6373,37.46567
2811013000,유동,126.63699,37.46974
2811013100,율목동,126.63383,37.47028
2811013200,도원동,126.6402,37.4671
2811013300,내동,126.62786,37.4734
2811013400,경동,126.63286,37.47212
2811013500,용동,126.63122,37.4732
2811013600,인현동,126.63142,37.47493
2811013700,전동,126.62611,37.47717
2811013800,북성동1가,126.60598,37.47562
2811013900,북성동2가,126.61831,37.47665
2811014000,북성동3가,126.62069,37.47612
2811014100,선린동,126.61823,37.47455
2811014200,송월동1가,126.62336,37.48002
2811014300,송월동2가,126.61942,37.47915
2811014400,송월동3가,126.62108,37.47806
2811014500,중산동,126.55983,37.49923
2811014600,운남동,126.52959,37.4847
2811014700,운서동,126.45086,37.46951
2811014800,운북동,126.51744,37.51472
2811014900,을왕동,126.37923,37.45525
2811015000,남북동,126.41369,37.44983
2811015100,덕교동,126.41973,37.43514
2811015200,무의동,126.41876,37.38667
2814010100,만석동,126.62041,37.48618
2814010200,화수동,126.6299,37.48506
2814010300,송현동,126.63984,37.48692
2814010400,화평동,126.631,37.47909
2814010500,창영동,126.64076,37.47075
2814010600,금곡동,126.64007,37.47268
2814010700,송림동,126.65088,37.47857
2817710100,숭의동,126.65086,37.46312
2817710200,용현동,126.6471,37.4517
2817710300,학익동,126.65449,37.43955
2817710400,도화동,126.66429,37.47054
2817710500,주안동,126.681,37.45698
2817710600,관교동,126.69443,37.44271
2817710700,문학동,126.68552,37.43655
2818510100,옥련동,126.64839,37.42424
2818510200,선학동,126.69756,37.42968
2818510300,연수동,126.6833,37.4204
2818510400,청학동,126.66646,37.42482
2818510500,동춘동,126.66435,37.40688
2818510600,송도동,126.64063,37.37946
2820010100,구월동,126.71114,37.4486
2820010200,간석동,126.7072,37.46553
2820010300,만수동,126.7351,37.45497
2820010400,장수동,126.76114,37.45892
2820010500,서창동,126.7495,37.4311
2820010600,운연동,126.76429,37.43956
2820010700,남촌동,126.71088,37.42466
2820010800,수산동,126.72743,37.43671
2820010900,도림동,126.72643,37.41893
2820011000,논현동,126.7212,37.40303
2820011100,고잔동,126.69547,37.39489
2823710100,부평동,126.72338,37.48922
2823710200,십정동,126.69977,37.4774
2823710300,산곡동,126.70235,37.50009
2823710400,청천동,126.70523,37.51626
2823710500,삼산동,126.74359,37.51716
2823710600,갈산동,126.72662,37.51546
2823710700,부개동,126.73717,37.4929
2823710800,일신동,126.74208,37.47828
2823710900,구산동,126.75356,37.47286
2824510100,효성동,126.70222,37.53178
2824510200,계산동,126.72303,37.54286
2824510300,작전동,126.72979,37.52978
2824510400,서운동,126.75164,37.53088
2824510500,임학동,126.73419,37.54717
2824510600,용종동,126.7448,37.5408
2824510700,병방동,126.74912,37.54548
2824510800,방축동,126.73327,37.5545
2824510900,박촌동,126.75155,37.55187
2824511000,동양동,126.76113,37.55899
2824511100,귤현동,126.74702,37.56749
2824511200,상야동,126.77206,37.5749
2824511300,하야동,126.78594,37.58089
2824511400,평동,126.77159,37.58349
2824511500,노오지동,126.75893,37.58039
2824511600,선주지동,126.74785,37.57814
2824511700,이화동,126.7386,37.5871
2824511800,오류동,126.72771,37.58513
2824511900,갈현동,126.722,37.57893
2824512000,둑실동,126.69798,37.57609
2824512100,목상동,126.71016,37.56427
2824512200,다남동,126.72268,37.56395
2824512300,장기동,126.73509,37.57589
2826010100,백석동,126.66885,37.57922
2826010200,시천동,126.68799,37.5708
2826010300,검암동,126.67511,37.56449
2826010400,경서동,126.65118,37.5562
2826010500,공촌동,126.69463,37.55119
2826010600,연희동,126.66588,37.54732
2826010700,심곡동,126.67999,37.54152
2826010800,가정동,126.6756,37.5273
2826010900,신현동,126.66712,37.51901
2826011000,석남동,126.66647,37.50549
2826011100,원창동,126.63044,37.50893
2826011200,가좌동,126.67372,37.48983
2826011300,마전동,126.66704,37.60552
2826011400,당하동,126.69376,37.58729
2826011500,원당동,126.70792,37.59689
2826011700,대곡동,126.66569,37.62596
2826011800,금곡동,126.64299,37.61456
2826011900,오류동,126.61378,37.58155
2826012000,왕길동,126.65082,37.59129
2826012100,불로동,126.68868,37.60987
2826012200,청라동,126.62759,37.5345
2871032000,불은면,126.51556,37.64709
2871033000,길상면,126.50032,37.62261
2871034000,화도면,126.42431,37.61903
2871035000,양도면,126.44975,37.64554
2872031000,북도면,126.45396,37.52683
2872035000,덕적면,126.12008,37.23629
2872036000,영흥면,126.46168,37.25732
2872037000,자월면,126.31387,37.25709
2911010100,대인동,126.91522,35.15401
2911010200,금남로5가,126.91234,35.1527
2911010300,충장로5가,126.91123,35.15135
2911010400,수기동,126.90971,35.1505
2911010500,대의동,126.91992,35.14948
2911010600,궁동,126.91839,35.1506
2911010700,장동,126.92179,35.15007
2911010800,동명동,126.92544,35.15057
2911010900,계림동,126.92054,35.15976
2911011000,산수동,126.93418,35.15652
2911011100,지산동,126.94224,35.1486
2911011200,남동,126.9201,35.1442
2911011300,광산동,126.92002,35.14724
2911011400,금동,126.91767,35.14331
2911011500,호남동,126.9125,35.14762
2911011600,불로동,126.91483,35.14549
2911011700,황금동,126.91556,35.14731
2911011800,서석동,126.92968,35.14216
2911011900,소태동,126.94554,35.11741
2911012000,용연동,126.97792,35.10495
2911012100,운림동,126.96576,35.12782
2911012200,학동,126.93148,35.13666
2911012300,월남동,126.94083,35.10251
2911012400,선교동,126.95188,35.08537
2911012500,내남동,126.93479,35.08798
2911012600,용산동,126.92432,35.11325
2911012700,충장로1가,126.91781,35.14712
2911012800,충장로2가,126.9165,35.14803
2911012900,충장로3가,126.91515,35.14887
2911013000,충장로4가,126.91346,35.14953
2911013100,금남로1가,126.91911,35.14783
2911013200,금남로2가,126.91745,35.14877
2911013300,금남로3가,126.91632,35.14993
2911013400,금남로4가,126.91515,35.15093
2914010400,양동,126.89961,35.15451
2914010600,농성동,126.8882,35.15423
2914011500,광천동,126.88019,35.1655
2914011600,유촌동,126.852,35.16524
2914011700,덕흥동,126.83664,35.16608
2914011800,쌍촌동,126.86253,35.15287
2914011900,화정동,126.87639,35.14511
2914012000,치평동,126.84193,35.15325
2914012100,내방동,126.87244,35.16027
2914012500,서창동,126.82476,35.1088
2914012600,세하동,126.83115,35.12015
2914012700,용두동,126.81575,35.09947
2914012800,풍암동,126.87523,35.12526
2914012900,벽진동,126.8314,35.13251
2914013000,금호동,126.85584,35.13276
2914013100,마륵동,126.84112,35.14236
2914013200,매월동,126.85121,35.11583
2914013300,동천동,126.85964,35.17084
2915510100,사동,126.91256,35.14353
2915510200,구동,126.90984,35.14685
2915510300,서동,126.90721,35.14447
2915510400,월산동,126.89587,35.14486
2915510500,백운동,126.90397,35.13773
2915510600,주월동,126.89561,35.13092
2915510700,노대동,126.90897,35.1004
2915510800,진월동,126.89975,35.11589
2915510900,덕남동,126.89922,35.09027
2915511000,행암동,126.88748,35.09948
2915511100,임암동,126.86985,35.10313
2915511200,송하동,126.88225,35.11081
2915511300,양림동,126.91441,35.13843
2915511400,방림동,126.92037,35.13102
2915511500,봉선동,126.91323,35.12347
2915511600,구소동,126.80705,35.05643
2915511700,양촌동,126.78721,35.06583
2915511800,도금동,126.84521,35.07631
2915511900,승촌동,126.7713,35.06145
2915512000,지석동,126.83371,35.08237
2915512100,압촌동,126.83292,35.09114
2915512200,화장동,126.80125,35.07956
2915512300,칠석동,126.83443,35.06976
2915512400,석정동,126.81567,35.08527
2915512500,신장동,126.81781,35.0597
2915512600,양과동,126.87755,35.08548
2915512700,이장동,126.85859,35.08852
2915512800,대지동,126.82085,35.07218
2915512900,원산동,126.84958,35.09494
2915513000,월성동,126.80573,35.06593
2917010100,중흥동,126.91198,35.16734
2917010200,유동,126.90472,35.15863
2917010300,누문동,126.90636,35.15408
2917010400,북동,126.90962,35.15617
2917010500,임동,126.89362,35.16375
2917010600,신안동,126.90006,35.16824
2917010700,용봉동,126.90048,35.17919
2917010800,동림동,126.85919,35.18116
2917010900,운암동,126.87823,35.17878
2917011000,우산동,126.92133,35.17449
2917011100,풍향동,126.92617,35.16523
2917011200,문흥동,126.92726,35.18913
2917011300,각화동,126.94208,35.18301
2917011400,두암동,126.93683,35.16994
2917011500,오치동,126.91092,35.19119
2917011600,삼각동,126.90607,35.20298
2917011700,매곡동,126.88901,35.19076
2917011800,충효동,127.00718,35.17696
2917011900,덕의동,126.98334,35.17994
2917012000,금곡동,126.99524,35.15051
2917012100,망월동,126.95151,35.20001
2917012200,청풍동,126.96041,35.17096
2917012300,화암동,126.96814,35.14989
2917012400,장등동,126.92802,35.21226
2917012500,운정동,126.94037,35.2264
2917012600,본촌동,126.88262,35.22113
2917012700,일곡동,126.89596,35.2104
2917012800,양산동,126.87847,35.20281
2917012900,연제동,126.86393,35.19977
2917013000,신용동,126.86295,35.21273
2917013100,용두동,126.87255,35.22272
2917013200,지야동,126.88195,35.23383
2917013300,태령동,126.92687,35.24808
2917013400,수곡동,126.92463,35.24107
2917013500,효령동,126.91541,35.2369
2917013600,용전동,126.89287,35.24128
2917013700,용강동,126.90645,35.25245
2917013800,생용동,126.90089,35.22699
2917013900,월출동,126.86868,35.2403
2917014000,대촌동,126.8578,35.22949
2917014100,오룡동,126.84846,35.22665
2920010100,송정동,126.79903,35.13606
2920010200,도산동,126.79314,35.12572
2920010300,도호동,126.80583,35.12137
2920010400,신촌동,126.81393,35.13617
2920010500,서봉동,126.75433,35.15602
2920010600,운수동,126.77562,35.16371
2920010700,선암동,126.77555,35.14966
2920010800,소촌동,126.79429,35.15368
2920010900,우산동,126.81569,35.15498
2920011000,황룡동,126.78868,35.11703
2920011100,박호동,126.75025,35.17054
2920011200,비아동,126.82562,35.2244
2920011300,도천동,126.81989,35.21314
2920011400,수완동,126.82863,35.19911
2920011500,월계동,126.83743,35.21433
2920011600,쌍암동,126.84818,35.21894
2920011700,산월동,126.84909,35.20569
2920011800,신창동,126.84663,35.19043
2920011900,신가동,126.82954,35.18094
2920012000,운남동,126.82185,35.17223
2920012100,안청동,126.8017,35.20792
2920012200,진곡동,126.78872,35.2126
2920012300,장덕동,126.81021,35.19386
2920012400,흑석동,126.8082,35.18315
2920012500,하남동,126.79639,35.18599
2920012600,장수동,126.78204,35.18227
2920012700,산정동,126.79416,35.17186
2920012800,월곡동,126.8108,35.17057
2920012900,등임동,126.76363,35.18456
2920013000,산막동,126.76229,35.19955
2920013100,고룡동,126.77659,35.20064
2920013200,신룡동,126.77374,35.22075
2920013300,두정동,126.76096,35.22315
2920013400,임곡동,126.74622,35.21716
2920013500,광산동,126.7468,35.24062
2920013600,오산동,126.72977,35.23479
2920013700,사호동,126.72855,35.21466
2920013800,하산동,126.76574,35.09748
2920013900,유계동,126.78691,35.09546
2920014000,본덕동,126.7797,35.08581
2920014100,용봉동,126.77531,35.07661
2920014200,요기동,126.7615,35.10527
2920014300,복룡동,126.78145,35.11163
2920014400,송대동,126.7956,35.1062
2920014500,옥동,126.76073,35.12891
2920014600,월전동,126.77132,35.12126
2920014700,장록동,126.77453,35.13467
2920014800,송촌동,126.77658,35.14054
2920014900,지죽동,126.75618,35.14319
2920015000,용동,126.75026,35.13394
2920015100,용곡동,126.7395,35.12967
2920015200,지정동,126.71746,35.13636
2920015300,명화동,126.71953,35.12534
2920015400,동산동,126.71693,35.11758
2920015500,연산동,126.75021,35.11292
2920015600,도덕동,126.70351,35.15637
2920015700,송산동,126.72175,35.16444
2920015800,지평동,126.72886,35.1507
2920015900,오운동,126.69071,35.15007
2920016000,삼거동,126.67421,35.16011
2920016100,양동,126.65907,35.15454
2920016200,내산동,126.66068,35.12923
2920016300,대산동,126.6743,35.13752
2920016400,송학동,126.6765,35.11534
2920016500,신동,126.69377,35.11429
2920016600,삼도동,126.69167,35.12833
2920016700,남산동,126.72624,35.17724
2920016800,송치동,126.73532,35.1804
2920016900,산수동,126.74618,35.18635
2920017000,선동,126.74577,35.20111
2920017100,지산동,126.73324,35.19395
2920017200,왕동,126.71432,35.20015
2920017300,북산동,126.71174,35.17926
2920017400,명도동,126.70011,35.18085
2920017500,동호동,126.68734,35.18264
2920017600,덕림동,126.67008,35.18311
2920017700,양산동,126.68878,35.19749
2920017800,동림동,126.69121,35.20653
3011010100,원동,127.43418,36.32738
3011010200,인동,127.43842,36.32217
3011010300,효동,127.44064,36.31667
3011010400,천동,127.44627,36.31437
3011010500,가오동,127.4584,36.30766
3011010600,신흥동,127.44389,36.32298
3011010700,판암동,127.46414,36.3138
3011010800,삼정동,127.47567,36.32141
3011010900,용운동,127.46127,36.33279
3011011000,대동,127.44549,36.32922
3011011100,자양동,127.45002,36.33805
3011011200,신안동,127.43848,36.32969
3011011300,소제동,127.43837,36.33472
3011011400,가양동,127.44935,36.34673
3011011500,용전동,127.43455,36.35405
3011011600,성남동,127.43362,36.34379
3011011700,홍도동,127.42576,36.34712
3011011800,삼성동,127.42511,36.33942
3011011900,정동,127.43313,36.33269
3011012000,중동,127.42973,36.3314
3011012100,추동,127.47103,36.37446
3011012200,비룡동,127.47365,36.34423
3011012300,주산동,127.47862,36.35829
3011012400,용계동,127.48811,36.37298
3011012500,마산동,127.48981,36.38862
3011012600,효평동,127.46836,36.39787
3011012700,직동,127.48861,36.41389
3011012800,세천동,127.49063,36.32341
3011012900,신상동,127.50434,36.35254
3011013000,신하동,127.50002,36.36383
3011013100,신촌동,127.51087,36.37513
3011013200,사성동,127.51637,36.38553
3011013300,내탑동,127.51356,36.39951
3011013400,오동,127.52329,36.41504
3011013500,주촌동,127.53805,36.40381
3011013600,낭월동,127.4822,36.28473
3011013700,대별동,127.45669,36.28148
3011013800,이사동,127.44198,36.28424
3011013900,대성동,127.46822,36.29538
3011014000,장척동,127.44331,36.25285
3011014100,소호동,127.44982,36.26231
3011014200,구도동,127.47208,36.26706
3011014300,삼괴동,127.47376,36.24636
3011014400,상소동,127.45839,36.22769
3011014500,하소동,127.43911,36.21281
3014010100,은행동,127.42687,36.32964
3014010200,선화동,127.41869,36.33124
3014010300,목동,127.40913,36.33358
3014010400,중촌동,127.40899,36.34198
3014010500,대흥동,127.42493,36.32273
3014010600,문창동,127.43576,36.31793
3014010700,석교동,127.43845,36.3059
3014010800,호동,127.43681,36.2984
3014010900,옥계동,127.45191,36.29761
3014011000,대사동,127.42203,36.31056
3014011100,부사동,127.43152,36.31149
3014011200,용두동,127.4066,36.33004
3014011300,오류동,127.40521,36.3252
3014011400,태평동,127.39332,36.32489
3014011500,유천동,127.3964,36.31706
3014011600,문화동,127.40916,36.30939
3014011700,산성동,127.39011,36.30636
3014011800,사정동,127.39715,36.29495
3014011900,안영동,127.37803,36.28192
3014012000,무수동,127.41295,36.28142
3014012100,구완동,127.42723,36.27714
3014012200,침산동,127.39162,36.27602
3014012300,목달동,127.41287,36.26299
3014012400,정생동,127.40019,36.24854
3014012500,어남동,127.41449,36.22324
3014012600,금동,127.42732,36.24096
3017010100,복수동,127.37665,36.30237
3017010200,변동,127.37637,36.32761
3017010300,도마동,127.37248,36.31909
3017010400,정림동,127.36474,36.3041
3017010500,용문동,127.39616,36.33795
3017010600,탄방동,127.39162,36.34502
3017010800,괴정동,127.37998,36.33869
3017010900,가장동,127.3872,36.33141
3017011000,내동,127.37329,36.33435
3017011100,갈마동,127.3695,36.3474
3017011200,둔산동,127.389,36.35579
3017011300,월평동,127.36177,36.35018
3017011400,가수원동,127.35164,36.303
3017011500,도안동,127.34835,36.3234
3017011600,관저동,127.33323,36.29469
3017011700,흑석동,127.34507,36.26468
3017011800,매노동,127.33366,36.24239
3017011900,산직동,127.35026,36.24034
3017012000,장안동,127.34351,36.21394
3017012100,평촌동,127.31195,36.238
3017012200,오동,127.3203,36.2209
3017012300,우명동,127.29106,36.23596
3017012400,원정동,127.2989,36.25586
3017012500,용촌동,127.31836,36.25104
3017012600,봉곡동,127.32195,36.26923
3017012700,괴곡동,127.35542,36.28127
3017012800,만년동,127.38285,36.36794
3020010100,원내동,127.32013,36.299
3020010200,교촌동,127.31106,36.30702
3020010300,대정동,127.31651,36.31622
3020010400,용계동,127.325,36.32525
3020010500,학하동,127.31444,36.33454
3020010600,계산동,127.29631,36.33479
3020010700,성북동,127.28836,36.31002
3020010800,세동,127.27137,36.30271
3020010900,송정동,127.2606,36.28713
3020011000,방동,127.2935,36.27825
3020011100,봉명동,127.34608,36.35358
3020011200,구암동,127.32053,36.35475
3020011300,덕명동,127.28865,36.34677
3020011400,원신흥동,127.34513,36.33767
3020011500,상대동,127.33376,36.34253
3020011600,복용동,127.31898,36.34221
3020011700,장대동,127.33264,36.36199
3020011800,갑동,127.28839,36.367
3020011900,노은동,127.31901,36.36808
3020012000,지족동,127.30429,36.38222
3020012100,죽동,127.33323,36.37694
3020012200,궁동,127.34545,36.36741
3020012300,어은동,127.3558,36.37032
3020012400,구성동,127.36774,36.37119
3020012500,신성동,127.35029,36.38431
3020012600,가정동,127.36883,36.38095
3020012700,도룡동,127.38338,36.38139
3020012800,장동,127.36073,36.39654
3020012900,방현동,127.36502,36.40988
3020013000,화암동,127.37652,36.40444
3020013100,덕진동,127.36731,36.4252
3020013200,하기동,127.33226,36.39042
3020013300,추목동,127.34576,36.42032
3020013400,자운동,127.34581,36.40078
3020013500,신봉동,127.33358,36.40828
3020013600,수남동,127.31571,36.41655
3020013700,안산동,127.29292,36.40995
3020013800,외삼동,127.31265,36.40285
3020013900,반석동,127.29918,36.39416
3020014000,문지동,127.39673,36.39171
3020014100,전민동,127.39875,36.40282
3020014200,원촌동,127.40066,36.38252
3020014300,탑립동,127.40878,36.41519
3020014400,용산동,127.39818,36.41962
3020014500,봉산동,127.38387,36.4452
3020014600,관평동,127.38945,36.42358
3020014700,송강동,127.38087,36.43115
3020014800,금고동,127.38731,36.46361
3020014900,대동,127.3944,36.48041
3020015000,금탄동,127.38228,36.4898
3020015100,신동,127.36976,36.47691
3020015200,둔곡동,127.3655,36.45949
3020015300,구룡동,127.35754,36.44104
3023010100,오정동,127.41408,36.35386
3023010200,대화동,127.40743,36.36894
3023010300,읍내동,127.42528,36.37932
3023010400,연축동,127.42891,36.39074
3023010500,신대동,127.41687,36.39392
3023010600,와동,127.42706,36.40737
3023010700,송촌동,127.44277,36.36458
3023010800,법동,127.43615,36.3742
3023010900,중리동,127.42686,36.36159
3023011000,비래동,127.45501,36.36234
3023011100,석봉동,127.42255,36.45079
3023011200,목상동,127.41377,36.44662
3023011300,문평동,127.39984,36.44745
3023011400,신일동,127.40684,36.43586
3023011500,덕암동,127.42078,36.44053
3023011600,상서동,127.42328,36.42441
3023011700,평촌동,127.43349,36.43192
3023011800,장동,127.44481,36.40382
3023011900,용호동,127.4504,36.43517
3023012000,이현동,127.46277,36.41357
3023012100,갈전동,127.46938,36.42759
3023012200,부수동,127.47918,36.43995
3023012300,황호동,127.4915,36.44734
3023012400,삼정동,127.46469,36.44325
3023012500,미호동,127.47378,36.46213
3023012600,신탄진동,127.43583,36.44788
3111010100,학성동,129.33479,35.55478
3111010200,학산동,129.32789,35.55543
3111010300,복산동,129.32841,35.56454
3111010400,북정동,129.32121,35.55971
3111010500,옥교동,129.32496,35.55282
3111010600,성남동,129.31752,35.553
3111010700,교동,129.31621,35.56248
3111010800,우정동,129.31023,35.56285
3111010900,성안동,129.30984,35.58102
3111011000,유곡동,129.29376,35.56787
3111011100,태화동,129.29284,35.55421
3111011200,다운동,129.26954,35.5722
3111011300,동동,129.34864,35.57649
3111011400,서동,129.34239,35.57992
3111011500,남외동,129.34649,35.56706
3111011600,장현동,129.33668,35.59068
3111011700,약사동,129.33045,35.57946
3111011800,반구동,129.34357,35.55705
3114010100,무거동,129.26357,35.54498
3114010200,옥동,129.28149,35.53245
3114010300,두왕동,129.29954,35.50906
3114010400,신정동,129.3084,35.53593
3114010500,달동,129.32684,35.53726
3114010600,삼산동,129.34454,35.54273
3114010700,여천동,129.3581,35.52636
3114010800,야음동,129.33118,35.52486
3114010900,선암동,129.32719,35.51359
3114011000,상개동,129.31857,35.50148
3114011100,부곡동,129.33476,35.49799
3114011200,고사동,129.35524,35.50014
3114011300,성암동,129.34459,35.48281
3114011400,황성동,129.36269,35.46485
3114011500,용연동,129.36452,35.47925
3114011600,남화동,129.37689,35.47608
3114011700,용잠동,129.37591,35.48911
3114011800,장생포동,129.37245,35.5048
3114011900,매암동,129.37191,35.51253
3117010100,방어동,129.41067,35.49404
3117010200,화정동,129.41553,35.50264
3117010300,일산동,129.43381,35.49822
3117010400,전하동,129.42952,35.5144
3117010500,미포동,129.44418,35.53574
3117010600,주전동,129.44829,35.5579
3117010700,동부동,129.42787,35.55229
3117010800,서부동,129.41985,35.53164
3120010100,창평동,129.36887,35.61692
3120010200,호계동,129.3643,35.62887
3120010300,매곡동,129.36803,35.64852
3120010400,가대동,129.30721,35.60409
3120010500,신천동,129.34671,35.63843
3120010600,중산동,129.35185,35.66251
3120010700,상안동,129.3342,35.61941
3120010800,천곡동,129.32524,35.64824
3120010900,달천동,129.30945,35.63214
3120011000,시례동,129.33488,35.60363
3120011100,무룡동,129.41172,35.61546
3120011200,구유동,129.45218,35.60481
3120011300,정자동,129.44289,35.61558
3120011400,신명동,129.43821,35.6473
3120011500,대안동,129.39979,35.64914
3120011600,당사동,129.45266,35.59162
3120011700,신현동,129.41831,35.5967
3120011800,산하동,129.42778,35.63004
3120011900,어물동,129.4227,35.57593
3120012000,명촌동,129.36515,35.54844
3120012100,진장동,129.35845,35.56674
3120012200,연암동,129.37983,35.58116
3120012300,효문동,129.37663,35.56707
3120012400,양정동,129.38889,35.55268
3120012500,화봉동,129.37426,35.59416
3120012600,송정동,129.3685,35.60421
3120012700,염포동,129.39883,35.53621
3171025000,온산읍,129.33108,35.43007
3171025300,언양읍,129.15991,35.58477
3171025600,온양읍,129.25582,35.4172
3171025900,범서읍,129.24661,35.59703
3171026200,청량읍,129.26905,35.493
3171026500,삼남읍,129.09604,35.53223
3171031000,서생면,129.3133,35.36784
3171034000,웅촌면,129.19798,35.46729
3171036000,두동면,129.21163,35.66242
3171037000,두서면,129.14413,35.67305
3171038000,상북면,129.05742,35.59383
3171040000,삼동면,129.15373,35.50522
3611010100,반곡동,127.3115,36.492
3611010200,소담동,127.30115,36.48441
3611010300,보람동,127.28986,36.47778
3611010400,대평동,127.27428,36.47041
3611010500,가람동,127.24631,36.47034
3611010600,한솔동,127.25443,36.47728
3611010700,나성동,127.26381,36.48644
3611010800,새롬동,127.24892,36.48528
3611010900,다정동,127.2449,36.49468
3611011000,어진동,127.26381,36.50139
3611011100,종촌동,127.24733,36.50344
3611011200,고운동,127.23566,36.5187
3611011300,아름동,127.24956,36.51778
3611011400,도담동,127.26045,36.51468
3611011500,산울동,127.25633,36.53378
3611011600,해밀동,127.27029,36.52655
3611011700,합강동,127.33204,36.5243
3611011800,집현동,127.32922,36.49923
3611011900,세종동,127.29072,36.50383
3611012000,누리동,127.29134,36.52891
3611012100,한별동,127.27519,36.5362
3611012200,다솜동,127.32144,36.53468
3611012300,용호동,127.30917,36.53899
3611025000,조치원읍,127.28616,36.60787
3611031000,연기면,127.24992,36.54456
3611032000,연동면,127.32992,36.55269
3611033000,부강면,127.37897,36.52392
3611034000,금남면,127.29838,36.45186
3611035000,장군면,127.20766,36.50293
3611036000,연서면,127.24585,36.58414
3611037000,전의면,127.18829,36.66165
3611038000,전동면,127.25028,36.65643
3611039000,소정면,127.16899,36.71446
4111112900,파장동,126.99714,37.32184
4111113000,정자동,126.99253,37.29762
4111113100,이목동,126.97817,37.3186
4111113200,율전동,126.96922,37.30374
4111113300,천천동,126.97773,37.29635
4111113400,영화동,127.01356,37.29118
4111113500,송죽동,127.00481,37.30644
4111113600,조원동,127.0151,37.30403
4111113700,연무동,127.02762,37.29423
4111113800,상광교동,127.01797,37.3352
4111113900,하광교동,127.02828,37.31772
4111312600,세류동,127.00981,37.25485
4111312700,평동,126.99711,37.25861
4111312800,고색동,126.98207,37.24785
4111312900,오목천동,126.96735,37.24249
4111313000,평리동,126.99511,37.24146
4111313100,서둔동,126.9877,37.27013
4111313200,구운동,126.97045,37.28086
4111313300,탑동,126.97399,37.26631
4111313400,금곡동,126.94435,37.27365
4111313500,호매실동,126.95306,37.26249
4111313600,곡반정동,127.03117,37.23831
4111313700,권선동,127.02691,37.25001
4111313800,장지동,127.00563,37.23828
4111313900,대황교동,127.01448,37.23119
4111314000,입북동,126.9579,37.29229
4111314100,당수동,126.94015,37.28863
4111512000,팔달로1가,127.01666,37.28056
4111512100,팔달로2가,127.01695,37.2784
4111512200,팔달로3가,127.01555,37.2762
4111512300,남창동,127.01255,37.27994
4111512400,영동,127.01854,37.27631
4111512500,중동,127.01655,37.27379
4111512600,구천동,127.0181,37.27364
4111512700,남수동,127.02096,37.28224
4111512800,매향동,127.02082,37.28556
4111512900,북수동,127.0166,37.28559
4111513000,신풍동,127.01283,37.28352
4111513100,장안동,127.01294,37.28649
4111513200,교동,127.01297,37.27194
4111513300,매교동,127.01622,37.26795
4111513400,매산로1가,127.00087,37.26744
4111513500,매산로2가,127.00511,37.26711
4111513600,매산로3가,127.00949,37.27108
4111513700,고등동,127.00325,37.27425
4111513800,화서동,126.99426,37.283
4111513900,지동,127.02503,37.28043
4111514000,우만동,127.03525,37.28482
4111514100,인계동,127.02989,37.26874
4111710100,매탄동,127.04894,37.26172
4111710200,원천동,127.05701,37.27327
4111710300,이의동,127.04772,37.30128
4111710400,하동,127.07268,37.28724
4111710500,영통동,127.07234,37.25487
4111710600,신동,127.04729,37.24806
4111710700,망포동,127.05204,37.24027
4113110100,신흥동,127.14647,37.44688
4113110200,태평동,127.12988,37.44648
4113110300,수진동,127.12863,37.43697
4113110400,단대동,127.1573,37.45493
4113110500,산성동,127.15287,37.45661
4113110600,양지동,127.16632,37.46414
4113110700,복정동,127.1311,37.45922
4113110800,창곡동,127.14794,37.46797
4113110900,신촌동,127.10933,37.45837
4113111000,오야동,127.10866,37.45303
4113111100,심곡동,127.10241,37.4464
4113111200,고등동,127.09535,37.43232
4113111300,상적동,127.06516,37.42627
4113111400,둔전동,127.11354,37.43336
4113111500,시흥동,127.1022,37.41896
4113111600,금토동,127.07228,37.40945
4113111700,사송동,127.11277,37.41449
4113310100,성남동,127.13272,37.43136
4113310300,금광동,127.16728,37.44751
4113310400,은행동,127.17428,37.46021
4113310500,상대원동,127.17799,37.43987
4113310600,여수동,127.13077,37.42064
4113310700,도촌동,127.15919,37.41386
4113310800,갈현동,127.17524,37.42243
4113310900,하대원동,127.14592,37.42815
4113313200,중앙동,127.15221,37.43994
4113510100,분당동,127.14465,37.3689
4113510200,수내동,127.12286,37.37274
4113510300,정자동,127.1155,37.36441
4113510400,율동,127.15864,37.38643
4113510500,서현동,127.13444,37.38227
4113510600,이매동,127.13143,37.39598
4113510700,야탑동,127.14462,37.40627
4113510800,판교동,127.09334,37.39278
4113510900,삼평동,127.10832,37.40196
4113511000,백현동,127.10131,37.38497
4113511100,금곡동,127.09776,37.35784
4113511200,궁내동,127.09315,37.37108
4113511300,동원동,127.08577,37.3542
4113511400,구미동,127.11937,37.34378
4113511500,운중동,127.06007,37.39312
4113511600,대장동,127.06478,37.36943
4113511700,석운동,127.04227,37.37838
4113511800,하산운동,127.07445,37.38217
4115010100,의정부동,127.04223,37.73746
4115010200,호원동,127.03437,37.71231
4115010300,장암동,127.06325,37.7073
4115010400,신곡동,127.06599,37.73768
4115010500,용현동,127.08088,37.73081
4115010600,민락동,127.1122,37.74667
4115010700,낙양동,127.11421,37.75688
4115010800,자일동,127.10039,37.76762
4115010900,금오동,127.06656,37.75707
4115011000,가능동,127.02062,37.74414
4115011100,녹양동,127.03066,37.76152
4115011200,고산동,127.1037,37.73038
4115011300,산곡동,127.10454,37.71751
4117110100,안양동,126.91633,37.38887
4117110200,석수동,126.91847,37.42614
4117110300,박달동,126.88976,37.39662
4117310100,비산동,126.94664,37.41322
4117310200,관양동,126.96521,37.40528
4117310300,평촌동,126.96801,37.38874
4117310400,호계동,126.9544,37.37801
4119210100,원미동,126.79241,37.49471
4119210200,심곡동,126.78094,37.4892
4119210300,춘의동,126.80234,37.50248
4119210400,도당동,126.78532,37.5134
4119210500,약대동,126.76897,37.5134
4119210600,소사동,126.79517,37.486
4119210700,역곡동,126.80749,37.49024
4119210800,중동,126.76924,37.50064
4119210900,상동,126.75189,37.50062
4119410100,소사본동,126.79535,37.47347
4119410200,심곡본동,126.77983,37.47839
4119410300,범박동,126.81242,37.47017
4119410400,괴안동,126.81216,37.48108
4119410500,송내동,126.76279,37.48178
4119410600,옥길동,126.82337,37.46807
4119410700,계수동,126.8068,37.46472
4119610100,오정동,126.7838,37.53047
4119610200,여월동,126.7989,37.51264
4119610300,작동,126.81596,37.51323
4119610400,원종동,126.80412,37.527
4119610500,고강동,126.81515,37.53212
4119610600,대장동,126.77557,37.5421
4119610700,삼정동,126.76722,37.52409
4119610800,내동,126.77988,37.52113
4121010100,광명동,126.85264,37.47169
4121010200,철산동,126.86893,37.47942
4121010300,하안동,126.86981,37.45904
4121010400,소하동,126.88187,37.43975
4121010500,노온사동,126.85093,37.4407
4121010600,일직동,126.88263,37.41994
4121010700,가학동,126.86062,37.41488
4121010800,옥길동,126.83673,37.4664
4122010100,서정동,127.05659,37.06707
4122010200,장당동,127.06168,37.04588
4122010300,모곡동,127.07604,37.03339
4122010400,칠괴동,127.09048,37.03053
4122010500,칠원동,127.10673,37.02619
4122010600,도일동,127.10884,37.05376
4122010700,가재동,127.08314,37.04461
4122010800,장안동,127.08592,37.05844
4122010900,이충동,127.06817,37.05828
4122011000,지산동,127.07952,37.07584
4122011100,독곡동,127.06936,37.08741
4122011200,신장동,127.05151,37.08473
4122011300,평택동,127.08584,36.99109
4122011400,통복동,127.07642,36.99277
4122011500,군문동,127.08849,36.98237
4122011600,유천동,127.1124,36.97591
4122011700,합정동,127.1033,36.98584
4122011800,비전동,127.10442,36.99983
4122011900,동삭동,127.09443,37.01621
4122012000,세교동,127.08105,37.00862
4122012100,지제동,127.06617,37.01791
4122012200,신대동,127.06453,37.00003
4122012300,소사동,127.12911,36.98486
4122012400,용이동,127.1368,36.99986
4122012500,월곡동,127.14078,37.02295
4122012600,청룡동,127.12585,37.02614
4122012700,죽백동,127.12419,37.00978
4122012800,고덕동,127.03907,37.04394
4122025000,팽성읍,127.03687,36.96136
4122025300,안중읍,126.93669,36.99089
4122025600,포승읍,126.86456,36.97107
4122025900,청북읍,126.93402,37.04481
4122031000,진위면,127.08809,37.10807
4122032000,서탄면,127.02144,37.10215
4122033000,고덕면,127.02375,37.03451
4122034000,오성면,126.99142,37.00333
4122037000,현덕면,126.93202,36.9448
4125010100,송내동,127.06746,37.87861
4125010200,지행동,127.06465,37.8899
4125010300,생연동,127.06357,37.90385
4125010400,광암동,127.10018,37.90565
4125010500,걸산동,127.09582,37.92574
4125010600,보산동,127.06642,37.92385
4125010700,동두천동,127.05932,37.9338
4125010800,안흥동,127.03231,37.93073
4125010900,상봉암동,127.06148,37.94806
4125011000,하봉암동,127.06995,37.96451
4125011100,탑동동,127.11984,37.88721
4125011200,상패동,127.03151,37.90913
4127110100,일동,126.87007,37.3121
4127110200,이동,126.85343,37.31082
4127110300,사동,126.83998,37.2925
4127110400,본오동,126.86359,37.2876
4127110500,팔곡이동,126.8865,37.29097
4127110600,양상동,126.84676,37.35189
4127110700,부곡동,126.86805,37.33463
4127110800,성포동,126.84774,37.32913
4127111000,팔곡일동,126.88864,37.30766
4127111100,건건동,126.90523,37.30851
4127111200,사사동,126.92228,37.29508
4127111300,수암동,126.88427,37.36586
4127111400,장상동,126.8777,37.35267
4127111500,장하동,126.86181,37.35478
4127310100,고잔동,126.83146,37.31877
4127310200,와동,126.82685,37.33978
4127310300,신길동,126.76919,37.33124
4127310400,성곡동,126.74734,37.31419
4127310500,원시동,126.78858,37.30964
4127310600,목내동,126.77406,37.30947
4127310700,초지동,126.80836,37.31079
4127310800,원곡동,126.79627,37.32751
4127310900,선부동,126.80603,37.34358
4127311000,대부동동,126.60189,37.24693
4127311100,대부북동,126.57246,37.26313
4127311200,대부남동,126.5714,37.22028
4127311300,선감동,126.64294,37.21853
4127311400,풍도동,126.38774,37.10859
4127311500,화정동,126.82829,37.35613
4128110100,주교동,126.82717,37.66116
4128110200,원당동,126.85691,37.67171
4128110300,신원동,126.88009,37.6716
4128110400,원흥동,126.87119,37.64807
4128110500,도내동,126.86266,37.62538
4128110600,성사동,126.84794,37.65061
4128110700,북한동,126.97119,37.64661
4128110800,효자동,126.97219,37.67063
4128110900,지축동,126.93814,37.66682
4128111000,오금동,126.91088,37.66604
4128111100,삼송동,126.8879,37.65156
4128111200,동산동,126.89601,37.64201
4128111300,용두동,126.88994,37.62464
4128111400,벽제동,126.91165,37.7267
4128111500,선유동,126.9122,37.69318
4128111600,고양동,126.89875,37.70716
4128111700,대자동,126.88596,37.69794
4128111800,관산동,126.86233,37.70161
4128111900,내유동,126.85409,37.72305
4128112000,토당동,126.81234,37.62322
4128112100,내곡동,126.8034,37.63853
4128112200,대장동,126.81303,37.63549
4128112300,화정동,126.83468,37.63737
4128112400,강매동,126.84272,37.60449
4128112500,행주내동,126.82676,37.60539
4128112600,행주외동,126.81433,37.60554
4128112700,신평동,126.78338,37.622
4128112800,행신동,126.84071,37.61958
4128112900,화전동,126.87226,37.60674
4128113000,현천동,126.85033,37.59131
4128113100,덕은동,126.86603,37.58423
4128113200,향동동,126.89323,37.59993
4128510100,식사동,126.81614,37.67889
4128510200,중산동,126.7848,37.68593
4128510300,정발산동,126.77802,37.67046
4128510400,장항동,126.75943,37.64744
4128510500,마두동,126.78344,37.65913
4128510600,백석동,126.78933,37.64168
4128510700,풍동,126.79831,37.66747
4128510800,산황동,126.8081,37.65112
4128510900,사리현동,126.84161,37.69707
4128511000,지영동,126.83024,37.71661
4128511100,설문동,126.80652,37.72081
4128511200,문봉동,126.82401,37.70005
4128511300,성석동,126.79567,37.70257
4128710100,일산동,126.77001,37.68332
4128710200,주엽동,126.76189,37.67128
4128710300,탄현동,126.76878,37.69775
4128710400,대화동,126.74258,37.66856
4128710500,덕이동,126.75563,37.69622
4128710800,법곳동,126.72773,37.65842
4129010100,관문동,126.9865,37.442
4129010200,문원동,127.00246,37.41785
4129010300,갈현동,126.97939,37.41545
4129010400,막계동,127.02567,37.42761
4129010500,과천동,126.99681,37.45177
4129010600,주암동,127.02501,37.44952
4129010700,중앙동,126.97695,37.43397
4129010800,원문동,126.99165,37.42168
4129010900,별양동,126.99566,37.42782
4129011000,부림동,126.99891,37.43533
4131010100,갈매동,127.11813,37.63164
4131010200,사노동,127.13883,37.63521
4131010300,인창동,127.13254,37.61366
4131010400,교문동,127.12497,37.59086
4131010500,수택동,127.14892,37.5946
4131010600,아천동,127.11454,37.57015
4131010700,토평동,127.14902,37.57929
4136010100,호평동,127.24951,37.66382
4136010200,평내동,127.23519,37.64641
4136010300,금곡동,127.21216,37.63204
4136010400,일패동,127.18429,37.62139
4136010500,이패동,127.19532,37.60951
4136010600,삼패동,127.19836,37.59648
4136010800,수석동,127.17405,37.59079
4136010900,지금동,127.16549,37.60242
4136011000,도농동,127.15348,37.60059
4136011100,별내동,127.1145,37.66626
4136011200,다산동,127.16027,37.61303
4136025000,와부읍,127.2471,37.59406
4136025300,진접읍,127.19368,37.72554
4136025600,화도읍,127.31599,37.65285
4136025900,진건읍,127.18515,37.65793
4136026200,오남읍,127.23146,37.69381
4136026500,퇴계원읍,127.14321,37.6535
4136031000,별내면,127.12623,37.70987
4136034000,수동면,127.30411,37.72633
4136036000,조안면,127.29908,37.56683
4137010100,오산동,127.0714,37.14951
4137010200,부산동,127.08933,37.15344
4137010300,원동,127.0827,37.14126
4137010400,궐동,127.05473,37.16089
4137010500,청학동,127.05662,37.15272
4137010600,가장동,127.03601,37.16216
4137010700,금암동,127.0465,37.17366
4137010800,수청동,127.06259,37.16795
4137010900,은계동,127.07314,37.16131
4137011000,내삼미동,127.06225,37.17929
4137011100,외삼미동,127.05599,37.19175
4137011200,양산동,127.02027,37.18976
4137011300,세교동,127.03985,37.18754
4137011400,지곶동,127.02627,37.1765
4137011500,서랑동,127.00806,37.17385
4137011600,서동,127.03907,37.15044
4137011700,벌음동,127.03789,37.14075
4137011800,두곡동,127.04402,37.13166
4137011900,탑동,127.0486,37.13553
4137012000,누읍동,127.05492,37.13942
4137012100,가수동,127.05489,37.14636
4137012200,고현동,127.08456,37.13336
4137012300,청호동,127.08438,37.12965
4137012400,갈곶동,127.07084,37.13076
4139010100,대야동,126.78823,37.45539
4139010200,신천동,126.78009,37.43868
4139010300,방산동,126.76603,37.41654
4139010400,포동,126.77693,37.40355
4139010500,미산동,126.78942,37.41823
4139010600,은행동,126.79932,37.43372
4139010700,안현동,126.81503,37.43002
4139010800,매화동,126.81147,37.4159
4139010900,도창동,126.81965,37.40707
4139011000,금이동,126.83547,37.39863
4139011200,과림동,126.83175,37.4421
4139011300,계수동,126.81097,37.45091
4139011700,화정동,126.81747,37.36161
4139011800,능곡동,126.81102,37.36862
4139011900,하중동,126.80089,37.39756
4139012000,하상동,126.81451,37.39442
4139012100,광석동,126.81549,37.38086
4139012200,물왕동,126.8357,37.38445
4139012300,산현동,126.83671,37.37202
4139012400,조남동,126.86222,37.37397
4139012500,논곡동,126.85656,37.39533
4139012600,목감동,126.86999,37.39115
4139012700,거모동,126.7757,37.35487
4139012800,군자동,126.79436,37.36078
4139012900,장현동,126.79695,37.3796
4139013000,장곡동,126.78335,37.38262
4139013100,월곶동,126.75825,37.38387
4139013200,정왕동,126.72206,37.34161
4139013300,죽율동,126.76211,37.34964
4139013400,무지내동,126.84034,37.41577
4139013500,배곧동,126.72365,37.37013
4141010100,당동,126.94118,37.34847
4141010200,당정동,126.95391,37.35185
4141010300,부곡동,126.93546,37.32972
4141010400,산본동,126.92286,37.36114
4141010500,금정동,126.93984,37.36047
4141010600,둔대동,126.89181,37.32685
4141010700,속달동,126.90027,37.34361
4141010800,대야미동,126.91841,37.32913
4141010900,도마교동,126.92292,37.31247
4143010100,고천동,126.96944,37.34542
4143010200,이동,126.9594,37.33516
4143010300,삼동,126.95659,37.32198
4143010400,왕곡동,126.99267,37.34212
4143010500,오전동,126.98379,37.35917
4143010600,학의동,127.01355,37.37608
4143010700,내손동,126.98392,37.37742
4143010800,청계동,127.02066,37.40134
4143010900,포일동,126.99033,37.39616
4143011000,월암동,126.9564,37.30924
4143011100,초평동,126.93921,37.31132
4145010100,천현동,127.21441,37.52814
4145010200,하산곡동,127.22897,37.5107
4145010300,창우동,127.23397,37.53564
4145010400,배알미동,127.26179,37.5223
4145010500,상산곡동,127.23284,37.49051
4145010600,신장동,127.21542,37.54366
4145010700,당정동,127.22674,37.55724
4145010800,덕풍동,127.20223,37.54565
4145010900,망월동,127.19135,37.56754
4145011000,풍산동,127.19006,37.55038
4145011100,미사동,127.2094,37.56867
4145011200,선동,127.18716,37.58291
4145011300,감북동,127.15705,37.52221
4145011400,감일동,127.15249,37.51061
4145011500,감이동,127.16635,37.49857
4145011600,학암동,127.16195,37.4787
4145011700,교산동,127.2063,37.52203
4145011800,춘궁동,127.18895,37.52287
4145011900,하사창동,127.20546,37.50992
4145012000,상사창동,127.19586,37.49307
4145012100,항동,127.18487,37.50132
4145012200,초일동,127.18279,37.53699
4145012300,초이동,127.16687,37.5361
4145012400,광암동,127.17483,37.51861
4146110100,김량장동,127.20265,37.23531
4146110200,역북동,127.1864,37.24118
4146110300,삼가동,127.1656,37.2402
4146110400,남동,127.1999,37.22116
4146110500,유방동,127.19902,37.25847
4146110600,고림동,127.22741,37.24807
4146110700,마평동,127.23352,37.23035
4146110800,운학동,127.2475,37.20996
4146110900,호동,127.25054,37.1915
4146111000,해곡동,127.27461,37.18842
4146125000,포곡읍,127.21757,37.29049
4146125300,모현읍,127.21821,37.32644
4146125600,이동읍,127.21118,37.1647
4146125900,남사읍,127.15666,37.13266
4146134000,원삼면,127.31334,37.16323
4146135000,백암면,127.37978,37.14375
4146136000,양지면,127.28867,37.24194
4146310100,신갈동,127.10141,37.28307
4146310200,구갈동,127.12299,37.27747
4146310300,상갈동,127.11088,37.26551
4146310400,하갈동,127.09136,37.25062
4146310500,보라동,127.11637,37.25548
4146310600,지곡동,127.13959,37.23889
4146310700,공세동,127.11351,37.23828
4146310800,고매동,127.11469,37.22453
4146310900,농서동,127.08226,37.22732
4146311000,서천동,127.075,37.24005
4146311100,영덕동,127.08257,37.27295
4146311200,언남동,127.12985,37.29391
4146311300,마북동,127.12752,37.30669
4146311400,청덕동,127.1509,37.29662
4146311500,동백동,127.1632,37.28561
4146311600,중동,127.15838,37.26877
4146311700,상하동,127.14348,37.26162
4146311800,보정동,127.10714,37.30935
4146510100,풍덕천동,127.09223,37.32383
4146510200,죽전동,127.12346,37.32956
4146510300,동천동,127.07656,37.34128
4146510400,고기동,127.04431,37.35631
4146510500,신봉동,127.05771,37.33234
4146510600,성복동,127.06052,37.31932
4146510700,상현동,127.0765,37.30383
4148010100,금촌동,126.77615,37.74881
4148010200,아동동,126.80037,37.75943
4148010800,야당동,126.76304,37.71268
4148011100,상지석동,126.78172,37.72701
4148011300,동패동,126.75155,37.70532
4148011700,목동동,126.75034,37.72448
4148012200,와동동,126.7575,37.7211
4148012300,금릉동,126.78742,37.74803
4148025300,파주읍,126.83666,37.81647
4148025600,법원읍,126.90249,37.85136
4148026200,조리읍,126.82346,37.75022
4148031000,월롱면,126.82956,37.79289
4148035000,광탄면,126.88301,37.77667
4148037000,적성면,126.94197,37.89603
4150010100,창전동,127.44525,37.28349
4150010200,관고동,127.42566,37.27997
4150010300,중리동,127.4407,37.27501
4150010400,증일동,127.43025,37.26193
4150010500,율현동,127.44306,37.25886
4150010600,진리동,127.45443,37.26838
4150010700,안흥동,127.46066,37.27656
4150010800,갈산동,127.46693,37.28694
4150010900,증포동,127.4548,37.29326
4150011000,송정동,127.43952,37.2965
4150011100,사음동,127.4179,37.29492
4150011200,단월동,127.45092,37.22462
4150011300,대포동,127.46112,37.20918
4150011400,고담동,127.46256,37.24068
4150011500,장록동,127.45609,37.25344
4150025000,장호원읍,127.59643,37.13468
4150025300,부발읍,127.50701,37.27313
4150031000,신둔면,127.41041,37.31366
4150032000,백사면,127.48256,37.32553
4150033000,호법면,127.41196,37.21518
4150034000,마장면,127.37083,37.24966
4150035000,대월면,127.4977,37.21295
4150036000,모가면,127.45672,37.17072
4150037000,설성면,127.52311,37.13955
4150038000,율면,127.54693,37.07568
4155010100,봉산동,127.27904,37.00713
4155010200,숭인동,127.2747,37.01036
4155010300,영동,127.27367,37.00635
4155010400,봉남동,127.27768,37.01002
4155010500,구포동,127.27308,37.01128
4155010600,동본동,127.27188,37.00704
4155010700,명륜동,127.27665,37.01454
4155010800,옥천동,127.27538,37.00321
4155010900,낙원동,127.27467,37.00462
4155011000,창전동,127.27179,37.00443
4155011100,성남동,127.27205,37.00263
4155011200,신흥동,127.26947,37.00279
4155011300,인지동,127.26858,37.00469
4155011400,금산동,127.26878,37.01277
4155011500,연지동,127.27083,37.01021
4155011600,대천동,127.27009,37.00835
4155011700,서인동,127.26952,37.00667
4155011800,석정동,127.25994,37.0103
4155011900,아양동,127.26059,37.00495
4155012000,금석동,127.26986,37.03088
4155012100,계동,127.26689,36.98879
4155012200,옥산동,127.24849,37.00652
4155012300,사곡동,127.26389,37.03998
4155012400,도기동,127.26114,36.99726
4155012500,당왕동,127.2695,37.02041
4155012600,가사동,127.28756,37.01597
4155012700,가현동,127.28681,37.00586
4155012800,신건지동,127.24675,37.01583
4155012900,신소현동,127.25519,37.02008
4155013000,신모산동,127.24712,37.02109
4155013100,현수동,127.28358,36.99738
4155013200,발화동,127.28117,36.99002
4155013300,중리동,127.28161,36.97708
4155025000,공도읍,127.17361,36.99471
4155031000,보개면,127.3138,37.05606
4155032000,금광면,127.34429,36.98164
4155033000,서운면,127.26725,36.93671
4155034000,미양면,127.22345,36.96946
4155035000,대덕면,127.2385,37.03447
4155036000,양성면,127.21999,37.08189
4155038000,원곡면,127.14716,37.05594
4155039000,일죽면,127.46876,37.09834
4155040000,죽산면,127.42184,37.04868
4155041000,삼죽면,127.36662,37.06789
4155042000,고삼면,127.27151,37.09233
4157010100,북변동,126.71123,37.62609
4157010200,걸포동,126.71576,37.63978
4157010300,운양동,126.68996,37.64565
4157010400,장기동,126.67157,37.64126
4157010500,감정동,126.69368,37.6255
4157010600,사우동,126.72611,37.61908
4157010700,풍무동,126.72233,37.60616
4157010800,마산동,126.64148,37.63914
4157010900,구래동,126.62614,37.64387
4157025300,고촌읍,126.76288,37.60651
4157025600,양촌읍,126.6121,37.62023
4157034000,대곶면,126.57354,37.63035
4159011600,진안동,127.03378,37.21527
4159011700,병점동,127.03939,37.20632
4159011800,능동,127.05435,37.20674
4159011900,기산동,127.0462,37.22211
4159012000,반월동,127.06066,37.2268
4159012100,반정동,127.03467,37.23044
4159012200,황계동,127.01461,37.22088
4159012300,배양동,126.99699,37.22304
4159012400,기안동,126.98273,37.22446
4159012500,송산동,127.011,37.21194
4159012600,안녕동,127.00023,37.20187
4159012700,반송동,127.07144,37.19753
4159012800,석우동,127.07784,37.21315
4159012900,오산동,127.09462,37.19089
4159013000,청계동,127.11189,37.19568
4159013100,영천동,127.10621,37.21063
4159013200,중동,127.13921,37.20821
4159013300,신동,127.14276,37.18302
4159013400,목동,127.12283,37.18716
4159013500,산척동,127.11803,37.17107
4159013600,장지동,127.11181,37.15501
4159013700,송동,127.10007,37.17069
4159013800,방교동,127.08812,37.17273
4159013900,금곡동,127.07703,37.17572
4159014000,새솔동,126.82057,37.2814
4159025300,봉담읍,126.93923,37.20391
4159025600,우정읍,126.78863,37.08014
4159025900,향남읍,126.92705,37.11456
4159026200,남양읍,126.82182,37.20819
4159031000,매송면,126.90671,37.26363
4159032000,비봉면,126.87174,37.23186
4159033000,마도면,126.76276,37.19203
4159034000,송산면,126.71997,37.22888
4159035000,서신면,126.69463,37.16404
4159036000,팔탄면,126.88208,37.15368
4159037000,장안면,126.841,37.07382
4159040000,양감면,126.9599,37.08828
4159041000,정남면,126.98614,37.16181
4161010100,경안동,127.25275,37.41024
4161010200,쌍령동,127.27102,37.40252
4161010300,송정동,127.26264,37.42512
4161010400,회덕동,127.24351,37.44002
4161010500,탄벌동,127.23651,37.41747
4161010600,목현동,127.21575,37.43402
4161010700,삼동,127.19965,37.41615
4161010800,중대동,127.21787,37.40542
4161010900,직동,127.18537,37.39979
4161011000,태전동,127.22062,37.38922
4161011100,장지동,127.23811,37.39767
4161011200,역동,127.25295,37.40168
4161011300,목동,127.1971,37.38213
4161011400,고산동,127.22182,37.37343
4161011500,신현동,127.16144,37.36437
4161011600,능평동,127.16764,37.35054
4161011700,문형동,127.20301,37.35007
4161011800,추자동,127.22239,37.36268
4161011900,매산동,127.26329,37.35612
4161012000,양벌동,127.25879,37.37899
4161025300,초월읍,127.31115,37.39687
4161025900,곤지암읍,127.38251,37.36397
4161033000,도척면,127.31551,37.30812
4161034000,퇴촌면,127.33998,37.45416
4161035000,남종면,127.32071,37.50286
4161037000,남한산성면,127.23414,37.45953
4163010100,유양동,127.02697,37.7886
4163010200,어둔동,127.01119,37.77388
4163010300,남방동,127.0378,37.77417
4163010400,마전동,127.05536,37.77586
4163010500,산북동,127.0402,37.80223
4163010600,광사동,127.07025,37.78585
4163010700,만송동,127.09037,37.78546
4163010800,삼숭동,127.10488,37.80241
4163010900,고읍동,127.07544,37.80487
4163011000,덕정동,127.06472,37.84516
4163011100,봉양동,127.07879,37.86072
4163011200,회암동,127.09757,37.84861
4163011300,율정동,127.11096,37.82797
4163011400,옥정동,127.08906,37.82364
4163011500,고암동,127.07077,37.82477
4163011600,덕계동,127.04498,37.82009
4163011700,회정동,127.05274,37.83641
4163025000,백석읍,126.97763,37.78891
4163031000,은현면,127.02397,37.86925
4163032000,남면,126.98036,37.89436
4163033000,광적면,126.95299,37.83004
4163034000,장흥면,126.9635,37.71733
4165010100,신읍동,127.18478,37.90019
4165010200,어룡동,127.17839,37.88656
4165010300,자작동,127.16654,37.8769
4165010400,선단동,127.15778,37.86247
4165010500,설운동,127.14206,37.85927
4165010600,동교동,127.12681,37.84993
4165025000,소흘읍,127.14904,37.79431
4165031000,군내면,127.22957,37.87734
4165032000,내촌면,127.23536,37.79763
4165033000,가산면,127.20107,37.8339
4165034000,신북면,127.17123,37.94489
4165035000,창수면,127.177,38.02289
4165036000,영중면,127.25196,38.00267
4165037000,일동면,127.32431,37.96427
4165038000,이동면,127.38549,38.05181
4165039000,영북면,127.28511,38.07383
4165040000,관인면,127.22749,38.12474
4165041000,화현면,127.28528,37.89805
4167010100,상동,127.6465,37.29161
4167010200,홍문동,127.6383,37.28768
4167010300,창동,127.63232,37.29309
4167010400,우만동,127.6779,37.25412
4167010500,단현동,127.67635,37.26907
4167010600,신진동,127.67234,37.27488
4167010700,하동,127.62444,37.30316
4167010800,교동,127.63263,37.27773
4167010900,월송동,127.61093,37.28454
4167011000,가업동,127.62064,37.27091
4167011100,연라동,127.60932,37.2581
4167011200,상거동,127.62547,37.24499
4167011300,하거동,127.63515,37.2277
4167011400,삼교동,127.65683,37.2358
4167011500,점봉동,127.64288,37.25693
4167011600,능현동,127.65595,37.2657
4167011700,멱곡동,127.66544,37.24854
4167011800,연양동,127.6685,37.28848
4167011900,매룡동,127.6561,37.27971
4167012000,천송동,127.66215,37.30375
4167012100,오학동,127.65126,37.31336
4167012200,현암동,127.63424,37.31559
4167012300,오금동,127.65011,37.33431
4167025000,가남읍,127.58017,37.20918
4167031000,점동면,127.68395,37.19115
4167032000,흥천면,127.53341,37.34537
4167033000,금사면,127.49766,37.39651
4167034500,세종대왕면,127.57785,37.29411
4167035000,대신면,127.60249,37.37759
4167036000,북내면,127.68916,37.35629
4167037000,강천면,127.72646,37.28848
4167038000,산북면,127.44206,37.40927
4180025000,연천읍,127.14146,38.08674
4180025300,전곡읍,127.03916,37.98563
4180031000,군남면,127.05198,38.02375
4180032000,청산면,127.10209,38.01078
4180036000,신서면,127.1595,38.13179
4182025000,가평읍,127.48754,37.82882
4182031000,설악면,127.49916,37.65334
4182032500,청평면,127.42936,37.7298
4182033000,상면,127.33777,37.79076
4182034500,조종면,127.37176,37.86711
4182035000,북면,127.49422,37.94452
4183025000,양평읍,127.51407,37.49356
4183031000,강상면,127.46769,37.46107
4183032000,강하면,127.41168,37.46803
4183033000,양서면,127.38028,37.54128
4183034000,옥천면,127.48652,37.55179
4183035000,서종면,127.40634,37.60933
4183036000,단월면,127.63582,37.5828
4183037000,청운면,127.7522,37.54825
4183038000,양동면,127.74221,37.44281
4183039500,지평면,127.65143,37.44869
4183040000,용문면,127.58829,37.51974
4183041000,개군면,127.5495,37.43989
4311110100,영동,127.48558,36.64102
4311110200,북문로1가,127.48905,36.63518
4311110300,북문로2가,127.48911,36.63963
4311110400,북문로3가,127.48832,36.64341
4311110500,남문로1가,127.48945,36.63013
4311110600,남문로2가,127.48904,36.63258
4311110700,문화동,127.49217,36.63422
4311110800,서운동,127.49297,36.62999
4311110900,서문동,127.48536,36.63398
4311111000,남주동,127.48536,36.63036
4311111100,석교동,127.49138,36.62681
4311111200,수동,127.4967,36.64296
4311111700,탑동,127.49838,36.62946
4311111800,대성동,127.49724,36.63469
4311111900,영운동,127.50014,36.61914
4311112000,금천동,127.50586,36.6264
4311112100,용담동,127.50722,36.6391
4311112200,명암동,127.52297,36.65154
4311112300,산성동,127.54209,36.65822
4311112400,용암동,127.51958,36.61786
4311112500,용정동,127.5254,36.63462
4311112600,방서동,127.5024,36.60325
4311112700,평촌동,127.50036,36.59618
4311112800,지북동,127.50965,36.59496
4311112900,운동동,127.52522,36.60543
4311113000,월오동,127.54523,36.62645
4311131000,낭성면,127.59716,36.62998
4311132000,미원면,127.67691,36.65319
4311133000,가덕면,127.56206,36.56204
4311134000,남일면,127.5206,36.57505
4311135000,문의면,127.51073,36.49098
4311210100,사직동,127.47628,36.63668
4311210200,사창동,127.46268,36.63434
4311210300,모충동,127.48136,36.62503
4311210400,산남동,127.46851,36.61169
4311210500,미평동,127.46948,36.60338
4311210600,분평동,127.48854,36.6069
4311210700,수곡동,127.4807,36.61781
4311210800,성화동,127.45259,36.60966
4311210900,개신동,127.45697,36.62402
4311211000,죽림동,127.44187,36.60658
4311211100,장성동,127.47957,36.59532
4311211200,장암동,127.48764,36.58936
4311231000,남이면,127.42857,36.56652
4311232000,현도면,127.43446,36.4893
4311310400,운천동,127.47479,36.64866
4311310500,신봉동,127.46817,36.65488
4311311300,가경동,127.43424,36.62028
4311311400,복대동,127.43863,36.63526
4311311500,봉명동,127.45826,36.64843
4311311600,송정동,127.44373,36.64512
4311311700,강서동,127.42086,36.61768
4311311800,석곡동,127.42641,36.60434
4311311900,휴암동,127.40838,36.61733
4311312000,신전동,127.40227,36.60545
4311312100,현암동,127.39218,36.59425
4311312200,동막동,127.37687,36.5974
4311312300,수의동,127.38981,36.6139
4311312400,지동동,127.40773,36.6423
4311312500,서촌동,127.39883,36.6507
4311312600,신성동,127.41502,36.65493
4311312700,평동,127.41088,36.66282
4311312800,신대동,127.40793,36.67428
4311312900,남촌동,127.41755,36.66381
4311313000,내곡동,127.42414,36.66756
4311313100,상신동,127.42996,36.67385
4311313200,원평동,127.44069,36.67634
4311313300,문암동,127.45064,36.67158
4311313400,송절동,127.45365,36.66373
4311313500,화계동,127.4422,36.65787
4311313600,외북동,127.43195,36.65691
4311313700,향정동,127.4279,36.64936
4311313800,비하동,127.41778,36.63197
4311313900,석소동,127.38057,36.62245
4311314000,정봉동,127.38672,36.64727
4311314100,신촌동,127.38614,36.6563
4311325000,오송읍,127.31946,36.6293
4311331000,강내면,127.3604,36.59917
4311332000,옥산면,127.35703,36.68736
4311410100,우암동,127.48949,36.6504
4311410200,내덕동,127.48958,36.65845
4311410300,율량동,127.50762,36.66428
4311410400,사천동,127.47405,36.67079
4311410500,주성동,127.50284,36.67614
4311410600,주중동,127.48953,36.68313
4311410700,정상동,127.46214,36.68101
4311410800,정하동,127.46049,36.67619
4311410900,정북동,127.45758,36.68888
4311411000,오동동,127.47338,36.6923
4311411100,외남동,127.48197,36.69894
4311411200,외평동,127.48591,36.70741
4311411300,외하동,127.48261,36.71479
4311425000,내수읍,127.54732,36.70291
4311425300,오창읍,127.42184,36.7337
4311431000,북이면,127.54764,36.74624
4313010100,성내동,127.93575,36.97107
4313010200,성남동,127.93576,36.96831
4313010300,성서동,127.93198,36.97109
4313010400,충인동,127.93217,36.97395
4313010500,교현동,127.93845,36.97398
4313010600,용산동,127.94543,36.96091
4313010700,호암동,127.93079,36.95218
4313010800,직동,127.96389,36.94329
4313010900,단월동,127.90894,36.94545
4313011000,풍동,127.91057,36.929
4313011100,가주동,127.88589,36.93309
4313011200,용관동,127.88353,36.95156
4313011300,용두동,127.88466,36.96718
4313011400,달천동,127.90249,36.96129
4313011500,봉방동,127.90465,36.97585
4313011600,칠금동,127.9085,36.98461
4313011800,연수동,127.94451,36.99052
4313011900,목행동,127.92618,37.00931
4313012000,용탄동,127.95774,37.0083
4313012100,종민동,127.98963,36.98946
4313012200,안림동,127.96407,36.97423
4313012300,목벌동,127.99828,36.9626
4313012400,충의동,127.92971,36.97449
4313012500,지현동,127.932,36.96358
4313012700,문화동,127.92317,36.96924
4313012800,금릉동,127.91845,36.99431
4313025000,주덕읍,127.78315,36.98622
4313031000,살미면,127.99587,36.91269
4313032500,수안보면,128.02663,36.84417
4313033500,대소원면,127.85231,36.94953
4313035000,신니면,127.71036,36.99884
4313036000,노은면,127.75048,37.05213
4313037000,앙성면,127.75482,37.12217
4313038500,중앙탑면,127.85113,37.03709
4313039000,금가면,127.89545,37.03151
4313040000,동량면,128.02068,37.01512
4313041000,산척면,128.00477,37.08375
4313042000,엄정면,127.92535,37.11833
4313043000,소태면,127.8538,37.12224
4315010100,의림동,128.20815,37.14188
4315010200,서부동,128.20265,37.13625
4315010300,동현동,128.22032,37.13178
4315010400,남천동,128.21408,37.13538
4315010500,교동,128.21916,37.14003
4315010600,중앙로1가,128.21107,37.13694
4315010700,중앙로2가,128.21261,37.14125
4315010800,명동,128.20675,37.13516
4315010900,화산동,128.21306,37.12919
4315011000,영천동,128.20332,37.12701
4315011100,하소동,128.19471,37.14015
4315011200,신월동,128.19007,37.16577
4315011300,청전동,128.20927,37.15038
4315011400,모산동,128.19767,37.18157
4315011500,고암동,128.23255,37.16529
4315011600,장락동,128.22869,37.14852
4315011700,흑석동,128.24864,37.14293
4315011800,두학동,128.26656,37.13139
4315011900,고명동,128.24755,37.11413
4315012000,신백동,128.2283,37.13299
4315012100,강제동,128.21037,37.11777
4315012200,명지동,128.19649,37.11006
4315012300,산곡동,128.19365,37.09889
4315012400,왕암동,128.16425,37.14796
4315012500,천남동,128.18351,37.12697
4315012600,신동,128.16684,37.1263
4315012700,자작동,128.2942,37.11416
4315012800,대랑동,128.25062,37.09221
4315025000,봉양읍,128.11548,37.1484
4315031000,금성면,128.18437,37.06341
4315032000,청풍면,128.14456,37.00931
4315033000,수산면,128.20854,36.94879
4315034000,덕산면,128.16413,36.87661
4315035000,한수면,128.08758,36.9031
4315036000,백운면,127.99572,37.18066
4315038000,송학면,128.24439,37.20223
4372025000,보은읍,127.72315,36.49916
4372031500,속리산면,127.83387,36.52463
4372032500,장안면,127.80008,36.47735
4372033000,마로면,127.83799,36.41714
4372034000,탄부면,127.77845,36.43709
4372035000,삼승면,127.73498,36.41736
4372036000,수한면,127.66851,36.45956
4372037000,회남면,127.57396,36.4334
4372038500,회인면,127.60257,36.50029
4372039000,내북면,127.65818,36.55392
4372040000,산외면,127.74708,36.5715
4373025000,옥천읍,127.58375,36.3015
4373031000,동이면,127.64597,36.2952
4373032000,안남면,127.68115,36.35479
4373033000,안내면,127.64943,36.39952
4373034000,청성면,127.73321,36.32471
4373035000,청산면,127.81557,36.34532
4373036000,이원면,127.63215,36.22806
4373037000,군서면,127.5257,36.2723
4373038000,군북면,127.56019,36.35663
4374025000,영동읍,127.81065,36.1775
4374031000,용산면,127.80486,36.26296
4374032000,황간면,127.89685,36.23602
4374033500,추풍령면,127.99765,36.2289
4374034000,매곡면,127.95305,36.16653
4374035000,상촌면,127.89514,36.09996
4374036000,양강면,127.76116,36.12291
4374037000,용화면,127.77672,36.04732
4374038000,학산면,127.68682,36.08722
4374039000,양산면,127.64268,36.14706
4374040000,심천면,127.7095,36.2154
4374525000,증평읍,127.60393,36.76687
4374531000,도안면,127.60606,36.82762
4375025000,진천읍,127.41409,36.84783
4375025300,덕산읍,127.50744,36.898
4375032000,초평면,127.53173,36.82917
4375033000,문백면,127.45102,36.79993
4375034000,백곡면,127.35115,36.89975
4375035000,이월면,127.4331,36.91911
4375037000,광혜원면,127.42368,36.97664
4376025000,괴산읍,127.80514,36.82712
4376031000,감물면,127.88282,36.83885
4376032000,장연면,127.9345,36.83523
4376033000,연풍면,128.00314,36.76677
4376034000,칠성면,127.88291,36.7531
4376035000,문광면,127.77366,36.77183
4376036000,청천면,127.81547,36.67362
4376037000,청안면,127.6822,36.74918
4376039000,사리면,127.68146,36.81559
4376040000,소수면,127.72699,36.84927
4376041000,불정면,127.82368,36.89318
4377025000,음성읍,127.65443,36.9417
4377025300,금왕읍,127.57358,36.98825
4377031000,소이면,127.75196,36.9126
4377032000,원남면,127.64777,36.88143
4377033000,맹동면,127.55816,36.91882
4377034000,대소면,127.49151,36.96111
4377035000,삼성면,127.49377,37.01919
4377036000,생극면,127.61224,37.03586
4377037000,감곡면,127.6627,37.09677
4380025000,단양읍,128.39119,36.96093
4380025300,매포읍,128.30172,37.0462
4380031000,대강면,128.3798,36.86838
4380032000,가곡면,128.43145,37.01462
4380033000,영춘면,128.50011,37.06833
4380034000,어상천면,128.34671,37.09726
4380035000,적성면,128.27582,36.99507
4380036000,단성면,128.29009,36.89773
4413110100,대흥동,127.14763,36.8084
4413110200,성황동,127.15228,36.81412
4413110300,문화동,127.15171,36.80955
4413110400,사직동,127.14833,36.80106
4413110500,영성동,127.1518,36.80032
4413110600,오룡동,127.15025,36.80544
4413110700,원성동,127.16078,36.80711
4413110800,구성동,127.17214,36.79686
4413110900,청수동,127.15313,36.79125
4413111000,삼룡동,127.17368,36.78084
4413111100,청당동,127.15362,36.7802
4413111200,유량동,127.18647,36.81542
4413111300,봉명동,127.13415,36.80993
4413111400,다가동,127.1425,36.7979
4413111500,용곡동,127.1397,36.7887
4413111600,신방동,127.12728,36.77786
4413111700,쌍용동,127.12258,36.80072
4413111800,신부동,127.1628,36.82447
4413111900,안서동,127.18893,36.83803
4413112000,구룡동,127.14874,36.7639
4413125000,목천읍,127.21256,36.78845
4413131000,풍세면,127.12239,36.73765
4413132000,광덕면,127.09266,36.67663
4413133000,북면,127.27182,36.83507
4413134000,성남면,127.23657,36.73216
4413135000,수신면,127.28581,36.72521
4413136000,병천면,127.31294,36.79538
4413137000,동면,127.36716,36.78107
4413310100,와촌동,127.14478,36.80829
4413310200,성정동,127.14049,36.82099
4413310300,백석동,127.11641,36.82766
4413310400,두정동,127.14331,36.83345
4413310500,성성동,127.12652,36.84402
4413310600,차암동,127.1113,36.84773
4413310800,불당동,127.10633,36.80912
4413310900,업성동,127.13413,36.85754
4413311000,신당동,127.15881,36.85603
4413311100,부대동,127.15312,36.84535
4413325000,성환읍,127.12835,36.93216
4413325300,성거읍,127.19516,36.87385
4413325600,직산읍,127.13788,36.88533
4413331000,입장면,127.22579,36.91046
4415010100,반죽동,127.11955,36.45403
4415010200,봉황동,127.11918,36.44814
4415010300,중학동,127.12466,36.44727
4415010400,중동,127.12585,36.45384
4415010500,산성동,127.12598,36.45854
4415010600,교동,127.11872,36.45897
4415010700,웅진동,127.10814,36.45752
4415010800,금성동,127.12212,36.46483
4415010900,옥룡동,127.13506,36.45207
4415011000,금학동,127.12404,36.43225
4415011100,봉정동,127.09451,36.43804
4415011200,주미동,127.10618,36.42514
4415011300,태봉동,127.09254,36.40967
4415011400,오곡동,127.11395,36.40512
4415011500,신기동,127.14823,36.42856
4415011600,소학동,127.15114,36.44658
4415011700,상왕동,127.17623,36.43288
4415011800,무릉동,127.17254,36.46076
4415011900,월송동,127.15648,36.46628
4415012000,신관동,127.13645,36.47019
4415012100,금흥동,127.14613,36.48338
4415012200,쌍신동,127.12071,36.48155
4415012300,월미동,127.11177,36.4904
4415012400,검상동,127.0726,36.43508
4415012500,석장리동,127.19132,36.45495
4415012600,송선동,127.16725,36.48786
4415012700,동현동,127.18161,36.47864
4415025000,유구읍,126.96838,36.59651
4415031000,이인면,127.06964,36.37471
4415032000,탄천면,127.02916,36.32638
4415033000,계룡면,127.15783,36.36836
4415034000,반포면,127.23874,36.38399
4415036000,의당면,127.15939,36.54423
4415037000,정안면,127.09815,36.59934
4415038000,우성면,127.05821,36.47471
4415039000,사곡면,127.03369,36.53886
4415040000,신풍면,126.94589,36.50606
4418010100,대천동,126.58029,36.35502
4418010200,죽정동,126.61007,36.36824
4418010300,화산동,126.62729,36.36363
4418010400,동대동,126.61795,36.3497
4418010500,명천동,126.61632,36.33416
4418010600,궁촌동,126.59418,36.34049
4418010700,내항동,126.57733,36.3408
4418010800,남곡동,126.55937,36.33585
4418010900,요암동,126.5527,36.32583
4418011000,신흑동,126.52573,36.31792
4418025000,웅천읍,126.58684,36.24026
4418031000,주포면,126.57983,36.41046
4418032000,오천면,126.52918,36.41955
4418033000,천북면,126.52678,36.48589
4418034000,청소면,126.60636,36.45096
4418035000,청라면,126.65965,36.40339
4418036000,남포면,126.5786,36.2965
4418038000,주산면,126.62055,36.20291
4418039000,미산면,126.68259,36.24305
4418040000,성주면,126.66074,36.3294
4418041000,주교면,126.55536,36.38105
4420010100,온천동,127.00085,36.78623
4420010200,실옥동,126.9859,36.79267
4420010300,방축동,126.98333,36.77619
4420010400,기산동,126.96597,36.75158
4420010500,초사동,126.97882,36.74304
4420010600,신인동,126.98609,36.75573
4420010700,법곡동,127.00531,36.75963
4420010800,장존동,127.01324,36.74918
4420010900,좌부동,127.0282,36.75595
4420011000,읍내동,127.0221,36.76329
4420011100,풍기동,127.02199,36.77193
4420011200,용화동,126.99989,36.77089
4420011300,모종동,127.02236,36.78332
4420011400,권곡동,127.01458,36.79278
4420011500,배미동,126.97081,36.79349
4420011600,득산동,126.96902,36.78159
4420011700,점양동,126.9699,36.76824
4420011800,신동,127.03371,36.78457
4420011900,남동,127.03527,36.76957
4420025000,염치읍,126.98224,36.82176
4420025300,배방읍,127.06849,36.75413
4420031000,송악면,126.99417,36.70349
4420033000,탕정면,127.06845,36.80917
4420035000,음봉면,127.04782,36.85808
4420036000,둔포면,127.03906,36.91093
4420037000,영인면,126.96259,36.88527
4420038000,인주면,126.88511,36.85997
4420039000,선장면,126.86921,36.79316
4420040000,도고면,126.90407,36.74079
4420041000,신창면,126.93383,36.79077
4421010100,읍내동,126.44519,36.78314
4421010200,동문동,126.45983,36.78589
4421010300,갈산동,126.43125,36.7962
4421010400,온석동,126.46964,36.79871
4421010500,잠홍동,126.4802,36.7866
4421010600,수석동,126.48973,36.76736
4421010700,석림동,126.4693,36.77206
4421010800,석남동,126.45972,36.76174
4421010900,예천동,126.44055,36.76676
4421011000,죽성동,126.44336,36.74858
4421011100,양대동,126.45379,36.73115
4421011200,오남동,126.47731,36.74937
4421011300,장동,126.47989,36.73425
4421011400,덕지천동,126.49781,36.73559
4421025000,대산읍,126.42103,36.96589
4421031000,인지면,126.41752,36.74863
4421032000,부석면,126.39606,36.6803
4421033000,팔봉면,126.36734,36.81635
4421034000,지곡면,126.43024,36.87585
4421036000,성연면,126.4605,36.83406
4421037000,음암면,126.51621,36.79631
4421038000,운산면,126.59286,36.7781
4421039000,해미면,126.53995,36.71384
4421040000,고북면,126.51172,36.6664
4423010100,화지동,127.08821,36.20776
4423010200,반월동,127.08802,36.20549
4423010300,대교동,127.08578,36.20965
4423010400,부창동,127.0748,36.19728
4423010500,취암동,127.09505,36.19825
4423010600,등화동,127.06903,36.18483
4423010700,지산동,127.11028,36.20282
4423010800,덕지동,127.1018,36.21243
4423010900,내동,127.10191,36.18301
4423011000,강산동,127.08647,36.18708
4423011100,관촉동,127.11378,36.19005
4423025000,강경읍,127.01837,36.15255
4423025300,연무읍,127.10311,36.11
4423031000,성동면,127.02756,36.19953
4423032000,광석면,127.08332,36.24186
4423033000,노성면,127.10627,36.28816
4423034000,상월면,127.16424,36.29205
4423035000,부적면,127.14436,36.20609
4423036000,연산면,127.19901,36.22958
4423038000,벌곡면,127.28698,36.18866
4423039000,양촌면,127.23394,36.1385
4423040000,가야곡면,127.16881,36.14042
4423041000,은진면,127.11157,36.16381
4423042000,채운면,127.05451,36.1609
4425010100,금암동,127.25156,36.27263
4425031000,두마면,127.26005,36.2531
4425031500,엄사면,127.22134,36.27678
4425033000,신도안면,127.22947,36.32102
4427010100,읍내동,126.63354,36.89468
4427010200,채운동,126.61867,36.89211
4427010300,우두동,126.62652,36.91314
4427010400,원당동,126.65017,36.91114
4427010500,시곡동,126.67179,36.89721
4427010600,수청동,126.65272,36.89156
4427010700,대덕동,126.6453,36.87563
4427010800,행정동,126.61156,36.87913
4427010900,용연동,126.63113,36.86252
4427011000,사기소동,126.61974,36.84721
4427011100,구룡동,126.61156,36.82506
4427025000,합덕읍,126.7745,36.79305
4427025300,송악읍,126.73926,36.92686
4427031000,고대면,126.57723,36.94271
4427032000,석문면,126.54701,37.00572
4427033000,대호지면,126.51465,36.91422
4427034000,정미면,126.5655,36.85926
4427035000,면천면,126.66028,36.81489
4427036000,순성면,126.70824,36.84492
4427037000,우강면,126.80796,36.8296
4427038000,신평면,126.78558,36.88302
4427039000,송산면,126.67644,36.95603
4471025000,금산읍,127.47192,36.09586
4471031000,금성면,127.46597,36.13623
4471032000,제원면,127.5654,36.1291
4471033000,부리면,127.57889,36.05932
4471034000,군북면,127.54241,36.18153
4471035000,남일면,127.50822,36.02857
4471036000,남이면,127.43052,36.04956
4471037000,진산면,127.37515,36.1408
4471038000,복수면,127.39716,36.20087
4471039000,추부면,127.49165,36.20459
4476025000,부여읍,126.94779,36.28606
4476031000,규암면,126.87577,36.28528
4476032000,은산면,126.81725,36.32819
4476033000,외산면,126.72121,36.32196
4476034000,내산면,126.76268,36.27986
4476035000,구룡면,126.81695,36.25304
4476036000,홍산면,126.76134,36.22988
4476037000,옥산면,126.72979,36.19918
4476038000,남면,126.80684,36.21287
4476039000,충화면,126.82617,36.17335
4476040000,양화면,126.85543,36.11775
4476041000,임천면,126.89051,36.17325
4476042000,장암면,126.90124,36.22588
4476043000,세도면,126.95753,36.18081
4476044000,석성면,126.99514,36.23675
4476045000,초촌면,127.02401,36.27049
4477025000,장항읍,126.58293,35.99281
4477025300,서천읍,126.70154,36.08545
4477031000,마서면,126.69086,36.04057
4477032000,화양면,126.78637,36.05136
4477033000,기산면,126.75971,36.0789
4477034000,한산면,126.82616,36.0873
4477035000,마산면,126.79029,36.13672
4477036000,시초면,126.7534,36.11767
4477037000,문산면,126.73841,36.1512
4477038000,판교면,126.68017,36.15441
4477039000,종천면,126.66066,36.11068
4477040000,비인면,126.61313,36.14172
4477041000,서면,126.55091,36.16307
4479025000,청양읍,126.79019,36.44881
4479031000,운곡면,126.85398,36.52748
4479032000,대치면,126.8597,36.44719
4479033000,정산면,126.93714,36.42361
4479034000,목면,126.9941,36.41356
4479035000,청남면,126.94804,36.34887
4479036000,장평면,126.88423,36.36546
4479037000,남양면,126.77159,36.39141
4479038000,화성면,126.71557,36.44297
4479039000,비봉면,126.7818,36.49873
4480025000,홍성읍,126.66275,36.59304
4480025300,광천읍,126.63857,36.50865
4480025600,홍북읍,126.68537,36.6414
4480032000,금마면,126.73049,36.60812
4480033000,홍동면,126.70467,36.55671
4480034000,장곡면,126.70849,36.50244
4480035000,은하면,126.5879,36.53059
4480036000,결성면,126.54765,36.54901
4480037000,서부면,126.4933,36.57354
4480038000,갈산면,126.54789,36.61853
4480039000,구항면,126.61884,36.57306
4481025000,예산읍,126.85505,36.70374
4481025300,삽교읍,126.71473,36.69126
4481031000,대술면,126.91791,36.66666
4481032000,신양면,126.87973,36.60255
4481033000,광시면,126.79359,36.56382
4481034000,대흥면,126.82127,36.63305
4481035000,응봉면,126.77471,36.64578
4481036000,덕산면,126.62691,36.67786
4481037000,봉산면,126.6676,36.74441
4481038000,고덕면,126.72381,36.7559
4481039000,신암면,126.80602,36.74465
4481040000,오가면,126.79083,36.69267
4482525000,태안읍,126.31255,36.75355
4482525300,안면읍,126.35838,36.52101
4482531000,고남면,126.39671,36.43453
4482532000,남면,126.31132,36.65265
4482533000,근흥면,126.21715,36.72012
4482534000,소원면,126.17982,36.77819
4482535000,원북면,126.23444,36.83915
4482536000,이원면,126.28361,36.88803
4611010100,용당동,126.39701,34.80465
4611010200,산정동,126.38845,34.79792
4611010300,연산동,126.38326,34.81887
4611010400,대성동,126.38259,34.79935
4611010500,양동,126.3812,34.79641
4611010600,북교동,126.37844,34.79374
4611010700,남교동,126.38159,34.79392
4611010800,호남동,126.38803,34.79385
4611010900,대안동,126.38496,34.7924
4611011000,창평동,126.3841,34.79319
4611011100,명륜동,126.38571,34.79179
4611011200,죽동,126.38232,34.79125
4611011300,무안동,126.38435,34.78893
4611011400,측후동,126.3824,34.78916
4611011500,상락동1가,126.38705,34.78922
4611011600,상락동2가,126.3859,34.78972
4611011700,복만동,126.38543,34.7879
4611011800,동명동,126.39212,34.78923
4611011900,광동1가,126.39023,34.78792
4611012000,광동2가,126.38909,34.78851
4611012100,광동3가,126.38849,34.78929
4611012200,영해동1가,126.38665,34.78586
4611012300,영해동2가,126.38551,34.78667
4611012400,행복동1가,126.38734,34.78651
4611012500,행복동2가,126.3862,34.78729
4611012600,축복동1가,126.38938,34.78739
4611012700,축복동2가,126.38844,34.78808
4611012800,축복동3가,126.38771,34.78864
4611012900,보광동1가,126.38855,34.7868
4611013000,보광동2가,126.38769,34.7874
4611013100,보광동3가,126.38695,34.78796
4611013200,유달동,126.37922,34.7864
4611013300,대의동1가,126.38454,34.78694
4611013400,대의동2가,126.38255,34.78751
4611013500,대의동3가,126.38068,34.78672
4611013600,중앙동1가,126.38376,34.78622
4611013700,중앙동2가,126.38227,34.78617
4611013800,중앙동3가,126.38041,34.78606
4611013900,만호동,126.38458,34.78518
4611014000,수강동1가,126.3861,34.78535
4611014100,수강동2가,126.38498,34.78619
4611014200,해안동1가,126.38264,34.7814
4611014300,해안동2가,126.38186,34.78213
4611014400,해안동3가,126.38111,34.78187
4611014500,해안동4가,126.38008,34.78156
4611014600,항동,126.38455,34.78332
4611014700,중동1가,126.383,34.78494
4611014800,중동2가,126.38116,34.78489
4611014900,유동,126.38177,34.78354
4611015000,금동1가,126.38295,34.78439
4611015100,금동2가,126.38151,34.78424
4611015200,경동1가,126.38242,34.78552
4611015300,경동2가,126.38013,34.78539
4611015400,서산동,126.37655,34.78254
4611015500,금화동,126.37746,34.78092
4611015600,온금동,126.37429,34.7848
4611015700,죽교동,126.36772,34.79544
4611015800,상동,126.41856,34.80772
4611015900,용해동,126.40595,34.80712
4611016000,석현동,126.42495,34.82421
4611016100,달동,126.36072,34.76347
4611016200,율도동,126.32424,34.80372
4611016300,대양동,126.41087,34.83444
4611016400,옥암동,126.44312,34.80761
4613010100,종화동,127.74794,34.73906
4613010200,수정동,127.75457,34.74354
4613010300,공화동,127.74306,34.74705
4613010400,관문동,127.74281,34.74269
4613010500,고소동,127.74067,34.73981
4613010600,동산동,127.73776,34.74611
4613010700,중앙동,127.73773,34.73909
4613010800,교동,127.73243,34.73997
4613010900,군자동,127.73473,34.74334
4613011000,충무동,127.73086,34.74266
4613011100,연등동,127.7292,34.7523
4613011200,광무동,127.72264,34.74862
4613011300,서교동,127.7273,34.74185
4613011400,봉강동,127.71948,34.74164
4613011500,봉산동,127.72079,34.73578
4613011600,남산동,127.73017,34.73498
4613011700,국동,127.71448,34.7317
4613011800,신월동,127.69833,34.73221
4613011900,여서동,127.70671,34.74738
4613012000,문수동,127.69892,34.7555
4613012100,오림동,127.72009,34.76106
4613012200,미평동,127.70966,34.77393
4613012300,둔덕동,127.69864,34.77752
4613012400,오천동,127.74236,34.79595
4613012500,만흥동,127.73436,34.77601
4613012600,덕충동,127.74366,34.7568
4613012700,경호동,127.72807,34.7093
4613012800,학동,127.66199,34.76209
4613012900,학용동,127.67767,34.76768
4613013000,안산동,127.64994,34.75569
4613013100,소호동,127.64351,34.73866
4613013200,시전동,127.67925,34.75806
4613013300,신기동,127.6734,34.76061
4613013400,웅천동,127.68053,34.74667
4613013500,선원동,127.65426,34.77178
4613013600,여천동,127.66802,34.77651
4613013700,화장동,127.64345,34.77687
4613013800,주삼동,127.66,34.79383
4613013900,봉계동,127.68111,34.78489
4613014000,해산동,127.64024,34.80059
4613014100,화치동,127.64994,34.82036
4613014200,월하동,127.66486,34.8087
4613014300,평여동,127.68145,34.80994
4613014400,중흥동,127.68968,34.83252
4613014500,적량동,127.70783,34.84483
4613014600,월내동,127.72774,34.84823
4613014700,묘도동,127.7209,34.8835
4613014800,낙포동,127.75951,34.84843
4613014900,신덕동,127.75858,34.8178
4613015000,상암동,127.7361,34.82831
4613015100,호명동,127.71919,34.80582
4613025000,돌산읍,127.76325,34.64641
4613031000,소라면,127.60491,34.78857
4613032000,율촌면,127.5831,34.8497
4613033000,화양면,127.59657,34.69061
4613034000,남면,127.75054,34.52225
4613035000,화정면,127.6651,34.56887
4613036000,삼산면,127.24648,34.22977
4615010100,삼거동,127.42569,34.98571
4615010200,와룡동,127.45008,34.96173
4615010300,영동,127.48225,34.95396
4615010400,옥천동,127.47078,34.95223
4615010500,행동,127.48263,34.95568
4615010600,금곡동,127.47056,34.96023
4615010700,매곡동,127.47963,34.96301
4615010800,석현동,127.4574,34.98558
4615010900,가곡동,127.47883,34.986
4615011000,용당동,127.49751,34.97258
4615011100,조곡동,127.49693,34.95578
4615011200,생목동,127.5067,34.95382
4615011300,덕암동,127.50786,34.94538
4615011400,연향동,127.52011,34.94041
4615011500,풍덕동,127.5045,34.93498
4615011600,남정동,127.48439,34.93935
4615011700,인제동,127.47796,34.94304
4615011800,저전동,127.47686,34.94853
4615011900,장천동,127.48884,34.94971
4615012000,남내동,127.48518,34.95403
4615012100,중앙동,127.48487,34.95608
4615012200,동외동,127.48789,34.9567
4615012300,교량동,127.51187,34.9032
4615012400,대룡동,127.49128,34.90622
4615012500,홍내동,127.50851,34.91677
4615012600,오천동,127.49964,34.92785
4615012700,덕월동,127.48164,34.92678
4615012800,야흥동,127.48034,34.91353
4615012900,인월동,127.48089,34.89296
4615013000,안풍동,127.49584,34.8867
4615013100,대대동,127.50709,34.89069
4615013200,왕지동,127.53869,34.97571
4615013300,조례동,127.52447,34.96144
4615025000,승주읍,127.36211,35.0176
4615031000,해룡면,127.54831,34.90577
4615032000,서면,127.49351,35.02787
4615033000,황전면,127.45914,35.11601
4615034000,월등면,127.39007,35.0858
4615035000,주암면,127.24634,35.06901
4615036000,송광면,127.24727,34.98886
4615037000,외서면,127.27235,34.91609
4615038000,낙안면,127.34619,34.92125
4615039000,별량면,127.4294,34.86961
4615040000,상사면,127.41885,34.93726
4617010100,토계동,126.73048,35.01372
4617010200,송월동,126.71557,35.01833
4617010300,안창동,126.68918,35.01234
4617010400,삼영동,126.70229,35.00614
4617010500,교동,126.71161,35.03174
4617010600,서내동,126.71401,35.03314
4617010700,산정동,126.7146,35.03611
4617010800,경현동,126.70007,35.04049
4617010900,보산동,126.6904,35.02902
4617011000,금계동,126.71475,35.0306
4617011100,금성동,126.71671,35.02904
4617011200,남내동,126.72064,35.03125
4617011300,과원동,126.71643,35.03438
4617011400,성북동,126.71988,35.03636
4617011500,중앙동,126.7199,35.03289
4617011600,대호동,126.71544,35.04974
4617011700,송촌동,126.72808,35.06049
4617011800,석현동,126.73669,35.0533
4617011900,청동,126.72874,35.04606
4617012000,남외동,126.72218,35.02677
4617012100,죽림동,126.72492,35.03067
4617012200,삼도동,126.73069,35.03017
4617012300,영산동,126.72913,35.00223
4617012400,용산동,126.72127,34.99232
4617012500,관정동,126.74401,34.99209
4617012600,평산동,126.75186,34.98523
4617012700,부덕동,126.73225,34.98028
4617012800,이창동,126.70934,34.99165
4617012900,대기동,126.72029,34.97859
4617013000,운곡동,126.69238,34.99029
4617013100,동수동,126.68302,34.97902
4617013200,오량동,126.66033,34.98006
4617013300,진포동,126.67481,34.99469
4617013400,빛가람동,126.78912,35.01844
4617025000,남평읍,126.86266,35.02857
4617031000,세지면,126.73286,34.9272
4617032000,왕곡면,126.67025,34.96021
4617033000,반남면,126.65508,34.91366
4617034000,공산면,126.60133,34.95
4617035000,동강면,126.55346,34.92651
4617036000,다시면,126.64037,35.01583
4617037000,문평면,126.63094,35.06795
4617038000,노안면,126.71682,35.08331
4617039000,금천면,126.7616,35.02331
4617040000,산포면,126.80847,35.03004
4617042000,다도면,126.83625,34.93439
4617043000,봉황면,126.78258,34.94469
4623010100,황금동,127.63174,34.91131
4623010200,황길동,127.6517,34.91541
4623010300,도이동,127.6755,34.92379
4623010400,성황동,127.6669,34.94834
4623010500,중군동,127.6687,34.9628
4623010600,중동,127.69307,34.93734
4623010700,마동,127.70483,34.95069
4623010800,광영동,127.71765,34.96112
4623010900,태인동,127.75533,34.94563
4623011000,금호동,127.74627,34.91815
4623025000,광양읍,127.60382,34.9597
4623031000,봉강면,127.56553,35.04871
4623032000,옥룡면,127.61429,35.05409
4623033000,옥곡면,127.67854,34.99781
4623034000,진상면,127.68445,35.05396
4623035000,진월면,127.75461,35.00595
4623036000,다압면,127.66435,35.11898
4671025000,담양읍,126.98262,35.32087
4671031000,봉산면,126.95596,35.2691
4671032000,고서면,126.974,35.21996
4671033500,가사문학면,127.03987,35.15908
4671034000,창평면,127.01499,35.23124
4671035000,대덕면,127.05866,35.23119
4671036000,무정면,127.04798,35.28649
4671037000,금성면,127.0374,35.34457
4671038000,용면,127.00546,35.40649
4671039000,월산면,126.9311,35.35883
4671040000,수북면,126.92358,35.30332
4671041000,대전면,126.88772,35.2846
4672025000,곡성읍,127.27116,35.28004
4672031000,오곡면,127.32148,35.23384
4672032000,삼기면,127.22657,35.21301
4672033000,석곡면,127.23884,35.15454
4672034000,목사동면,127.30201,35.10741
4672035000,죽곡면,127.33951,35.16185
4672036000,고달면,127.36284,35.2778
4672037000,옥과면,127.14153,35.2958
4672038000,입면,127.2109,35.29702
4672039000,겸면,127.17715,35.25326
4672040000,오산면,127.12527,35.23165
4673025000,구례읍,127.42596,35.20317
4673031000,문척면,127.49888,35.16651
4673032000,간전면,127.56747,35.15252
4673033000,토지면,127.56218,35.23988
4673034000,마산면,127.49943,35.24325
4673035000,광의면,127.46784,35.26995
4673036000,용방면,127.42367,35.24797
4673037000,산동면,127.46783,35.31975
4677025000,고흥읍,127.26547,34.6057
4677025300,도양읍,127.14305,34.55167
4677031000,풍양면,127.24031,34.55753
4677032000,도덕면,127.18683,34.58363
4677033000,금산면,127.16888,34.45986
4677034000,도화면,127.32152,34.50042
4677035000,포두면,127.35697,34.56562
4677036000,봉래면,127.49749,34.44502
4677037000,점암면,127.40097,34.64381
4677038000,과역면,127.38123,34.68657
4677039000,남양면,127.35916,34.74152
4677040000,동강면,127.33565,34.79536
4677041000,대서면,127.28145,34.76233
4677042000,두원면,127.2738,34.65839
4677044000,영남면,127.456,34.60503
4677045000,동일면,127.46676,34.50872
4678025000,보성읍,127.06968,34.75102
4678025300,벌교읍,127.31678,34.8483
4678031000,노동면,127.05369,34.81092
4678032000,미력면,127.10647,34.80857
4678033000,겸백면,127.1585,34.82566
4678034000,율어면,127.20215,34.86594
4678035000,복내면,127.12282,34.89893
4678036000,문덕면,127.18465,34.93857
4678037000,조성면,127.23916,34.80304
4678038000,득량면,127.1682,34.75129
4678039000,회천면,127.09477,34.69217
4678040000,웅치면,127.02154,34.70689
4679025000,화순읍,126.96336,35.06212
4679031000,한천면,127.03315,34.97034
4679032000,춘양면,126.9496,34.94143
4679033000,청풍면,126.95378,34.8761
4679034000,이양면,127.03004,34.89102
4679035000,능주면,126.9565,35.00494
4679036000,도곡면,126.91053,35.00694
4679037000,도암면,126.88959,34.91251
4679038000,이서면,127.06891,35.10659
4679039500,백아면,127.14026,35.16258
4679040000,동복면,127.14743,35.07828
4679041500,사평면,127.1246,35.00213
4679042000,동면,127.0434,35.04112
4680025000,장흥읍,126.90498,34.67975
4680025300,관산읍,126.93976,34.55227
4680025600,대덕읍,126.88188,34.49338
4680031000,용산면,126.92633,34.61342
4680032000,안양면,126.9899,34.65545
4680033000,장동면,126.97863,34.74644
4680034000,장평면,126.96296,34.80789
4680035000,유치면,126.8605,34.79604
4680036000,부산면,126.90936,34.73258
4680037000,회진면,126.93581,34.4779
4681025000,강진읍,126.74014,34.63071
4681031000,군동면,126.82337,34.64457
4681032000,칠량면,126.83065,34.57437
4681033000,대구면,126.81782,34.51468
4681034000,도암면,126.72229,34.56517
4681035000,신전면,126.71745,34.4969
4681036000,성전면,126.71207,34.70899
4681037000,작천면,126.77049,34.70922
4681038000,병영면,126.82542,34.71057
4681039000,옴천면,126.7871,34.75786
4681040000,마량면,126.83071,34.47313
4682025000,해남읍,126.56617,34.55803
4682031000,삼산면,126.60409,34.51176
4682032000,화산면,126.49597,34.48367
4682033000,현산면,126.56952,34.45378
4682034000,송지면,126.53553,34.36823
4682035000,북평면,126.61035,34.38904
4682036000,북일면,126.67862,34.46134
4682037000,옥천면,126.65535,34.56281
4682038000,계곡면,126.63693,34.65442
4682039000,마산면,126.54675,34.63015
4682040000,황산면,126.44455,34.57418
4682041000,산이면,126.42867,34.65933
4682042000,문내면,126.33,34.60831
4682043000,화원면,126.30724,34.68783
4683025000,영암읍,126.72493,34.79113
4683025300,삼호읍,126.46101,34.74202
4683031000,덕진면,126.70185,34.83005
4683032000,금정면,126.78185,34.85308
4683033000,신북면,126.68991,34.89232
4683034000,시종면,126.59229,34.86926
4683035000,도포면,126.64165,34.84516
4683036000,군서면,126.63752,34.77967
4683037000,서호면,126.5748,34.77265
4683038000,학산면,126.59932,34.7316
4683039000,미암면,126.55874,34.69432
4684025000,무안읍,126.47131,34.99247
4684025300,일로읍,126.50874,34.83371
4684025600,삼향읍,126.44703,34.84637
4684032000,몽탄면,126.49979,34.92387
4684033000,청계면,126.4294,34.93059
4684034000,현경면,126.412,35.03783
4684035000,망운면,126.38199,34.99941
4684036000,해제면,126.29094,35.10208
4684037000,운남면,126.33803,34.95187
4686025000,함평읍,126.48871,35.06795
4686031000,손불면,126.43189,35.14141
4686032000,신광면,126.48781,35.16277
4686033000,학교면,126.5616,35.0209
4686034000,엄다면,126.51404,35.01345
4686035000,대동면,126.53951,35.10011
4686036000,나산면,126.60457,35.12192
4686037000,해보면,126.57597,35.16996
4686038000,월야면,126.62645,35.19109
4687025000,영광읍,126.50539,35.29512
4687025300,백수읍,126.40206,35.30179
4687025600,홍농읍,126.44523,35.40186
4687031000,대마면,126.59167,35.29958
4687032000,묘량면,126.55945,35.24372
4687033000,불갑면,126.51214,35.20894
4687034000,군서면,126.46971,35.26404
4687035000,군남면,126.43894,35.22412
4687036000,염산면,126.36498,35.21724
4687037000,법성면,126.47199,35.3539
4687038000,낙월면,126.02458,35.34746
4688025000,장성읍,126.81589,35.32653
4688031000,진원면,126.84101,35.26866
4688032000,남면,126.79862,35.24346
4688033000,동화면,126.71903,35.26454
4688034000,삼서면,126.64367,35.23257
4688035000,삼계면,126.66484,35.28558
4688036000,황룡면,126.73154,35.30788
4688037000,서삼면,126.75142,35.34979
4688038000,북일면,126.77742,35.38644
4688039000,북이면,126.79592,35.43168
4688040000,북하면,126.86896,35.40726
4689025000,완도읍,126.71677,34.32884
4689025300,금일읍,127.04396,34.35016
4689025600,노화읍,126.58477,34.20297
4689031000,군외면,126.6732,34.36913
4689032000,신지면,126.83894,34.33124
4689033000,고금면,126.80634,34.40326
4689034000,약산면,126.90498,34.38123
4689035000,청산면,126.8879,34.18141
4689036000,소안면,126.65589,34.15611
4689037000,금당면,127.05257,34.43654
4689038000,보길면,126.54712,34.15241
4689039000,생일면,126.98321,34.32327
4690025000,진도읍,126.24057,34.48994
4690031000,군내면,126.28287,34.53541
4690032000,고군면,126.34329,34.4876
4690033000,의신면,126.29101,34.43769
4690034000,임회면,126.20588,34.39491
4690035000,지산면,126.15766,34.43961
4690036000,조도면,126.05588,34.29563
4691025000,지도읍,126.21736,35.06958
4691025300,압해읍,126.31203,34.86603
4691031000,증도면,126.14626,34.99318
4691032000,임자면,126.09376,35.09207
4691033000,자은면,126.04553,34.88738
4691034000,비금면,125.94125,34.76067
4691035000,도초면,125.96057,34.69479
4691036000,흑산면,125.41696,34.66585
4691037000,하의면,126.03433,34.59723
4691038000,신의면,126.07231,34.57787
4691039000,장산면,126.15442,34.64292
4691040000,안좌면,126.12588,34.73696
4691041000,팔금면,126.13889,34.7851
4691042000,암태면,126.10569,34.8388
4711110100,상도동,129.35179,36.00984
4711110200,대도동,129.36238,36.01396
4711110300,해도동,129.37111,36.0196
4711110400,송도동,129.37735,36.03376
4711110500,청림동,129.41081,36.00016
4711110600,일월동,129.42279,35.98911
4711110700,송정동,129.39967,36.02669
4711110800,송내동,129.38165,36.00895
4711110900,괴동동,129.3758,35.9969
4711111000,동촌동,129.3948,36.00196
4711111100,장흥동,129.37412,35.98047
4711111200,인덕동,129.39936,35.98666
4711111300,호동,129.38571,35.98253
4711111400,효자동,129.33161,36.0074
4711111500,지곡동,129.32147,36.02481
4711111600,대잠동,129.33968,36.01737
4711111700,이동,129.33077,36.03433
4711125000,구룡포읍,129.53571,35.98533
4711125300,연일읍,129.31651,36.00419
4711125600,오천읍,129.39653,35.91864
4711131000,대송면,129.35284,35.94478
4711132000,동해면,129.48686,35.99784
4711133000,장기면,129.47683,35.90227
4711135000,호미곶면,129.55536,36.05304
4711310100,대흥동,129.36133,36.03696
4711310200,신흥동,129.36296,36.04
4711310300,남빈동,129.3655,36.03655
4711310400,상원동,129.36591,36.0388
4711310500,여천동,129.36809,36.03935
4711310600,중앙동,129.36742,36.03785
4711310700,덕산동,129.36536,36.04194
4711310800,덕수동,129.36429,36.04516
4711310900,대신동,129.3672,36.04765
4711311000,동빈1가,129.37027,36.04528
4711311100,동빈2가,129.36961,36.04031
4711311200,학산동,129.36921,36.0533
4711311300,항구동,129.37625,36.05293
4711311400,득량동,129.34328,36.03072
4711311500,학잠동,129.34447,36.03484
4711311600,죽도동,129.35951,36.0261
4711311700,용흥동,129.34974,36.04172
4711311800,우현동,129.35435,36.05808
4711311900,창포동,129.36157,36.06954
4711312000,두호동,129.38044,36.06375
4711312100,장성동,129.37907,36.07837
4711312200,양덕동,129.38623,36.08875
4711312300,환호동,129.39732,36.07064
4711312400,여남동,129.4124,36.07657
4711325000,흥해읍,129.34435,36.10759
4711331000,신광면,129.25489,36.14702
4711332000,청하면,129.32438,36.19218
4711333000,송라면,129.3211,36.24476
4711334000,기계면,129.17836,36.08745
4711335000,죽장면,129.14084,36.21495
4711336000,기북면,129.18352,36.15139
4713010100,동부동,129.21203,35.84576
4713010200,서부동,129.20852,35.84725
4713010300,북부동,129.2121,35.84869
4713010400,성동동,129.21851,35.84767
4713010500,황오동,129.22018,35.84208
4713010600,노동동,129.21173,35.84212
4713010700,노서동,129.20567,35.84093
4713010800,성건동,129.2048,35.85108
4713010900,사정동,129.20594,35.83211
4713011000,황남동,129.21289,35.83408
4713011100,교동,129.21735,35.82817
4713011200,인왕동,129.22569,35.82868
4713011300,탑동,129.21253,35.81878
4713011400,충효동,129.17011,35.84749
4713011500,서악동,129.18968,35.82799
4713011600,효현동,129.16611,35.82587
4713011700,광명동,129.14281,35.83874
4713011800,동방동,129.26132,35.8104
4713011900,도지동,129.27053,35.79766
4713012000,남산동,129.24063,35.79091
4713012100,배반동,129.24453,35.81912
4713012200,구황동,129.23701,35.83542
4713012300,보문동,129.25578,35.83431
4713012400,황성동,129.21525,35.86874
4713012500,용강동,129.2322,35.87178
4713012600,동천동,129.23721,35.85088
4713012700,평동,129.26202,35.77916
4713012800,조양동,129.28144,35.78274
4713012900,시동,129.27063,35.75598
4713013000,시래동,129.29748,35.76936
4713013100,구정동,129.29895,35.78564
4713013200,마동,129.32131,35.78911
4713013300,하동,129.31499,35.80508
4713013400,진현동,129.33788,35.78588
4713013500,천군동,129.28509,35.82178
4713013600,신평동,129.29014,35.84343
4713013700,덕동,129.32398,35.83901
4713013800,암곡동,129.33179,35.87324
4713013900,황용동,129.35007,35.82904
4713014000,북군동,129.25884,35.85963
4713014100,손곡동,129.29328,35.8588
4713014200,율동,129.18024,35.80592
4713014300,배동,129.21298,35.80043
4713014400,석장동,129.18833,35.85979
4713025000,감포읍,129.47876,35.80616
4713025300,안강읍,129.18435,35.9814
4713025600,건천읍,129.10327,35.83174
4713025900,외동읍,129.31333,35.71212
4713031500,문무대왕면,129.41411,35.79847
4713032000,양남면,129.41813,35.70401
4713033000,내남면,129.17477,35.74759
4713034000,산내면,129.03781,35.74877
4713035000,서면,129.06566,35.89673
4713036000,현곡면,129.17002,35.89673
4713037000,강동면,129.27223,35.99541
4713038000,천북면,129.27673,35.90431
4715010100,감호동,128.12944,36.12083
4715010200,용두동,128.1282,36.1202
4715010300,모암동,128.12521,36.12506
4715010400,성내동,128.12071,36.12353
4715010500,평화동,128.11164,36.12556
4715010600,남산동,128.11427,36.11537
4715010700,황금동,128.11996,36.11266
4715010800,신음동,128.12027,36.13666
4715010900,교동,128.10063,36.14182
4715011000,삼락동,128.08071,36.14071
4715011100,문당동,128.0886,36.15674
4715011200,다수동,128.06755,36.12268
4715011300,백옥동,128.07554,36.11078
4715011400,부곡동,128.09707,36.11799
4715011500,지좌동,128.13615,36.11503
4715011600,덕곡동,128.15245,36.11806
4715011700,대광동,128.14277,36.14463
4715011800,응명동,128.1244,36.14963
4715011900,양천동,128.10724,36.09564
4715012000,율곡동,128.18651,36.12456
4715025000,아포읍,128.2498,36.15543
4715031000,농소면,128.18407,36.07867
4715032000,남면,128.24025,36.0954
4715034000,개령면,128.1815,36.1736
4715035000,감문면,128.17194,36.22145
4715036000,어모면,128.09538,36.20309
4715037000,봉산면,128.03074,36.17048
4715038000,대항면,128.00794,36.10055
4715039000,감천면,128.13996,36.06094
4715040000,조마면,128.11827,36.00972
4715041000,구성면,128.03083,36.0424
4715042000,지례면,128.04664,35.96513
4715043000,부항면,127.93572,36.00055
4715044000,대덕면,127.94956,35.91516
4715045000,증산면,128.03032,35.879
4717010100,삼산동,128.73132,36.56572
4717010200,서부동,128.729,36.5659
4717010300,북문동,128.73135,36.56738
4717010400,명륜동,128.72964,36.5694
4717010500,신안동,128.73573,36.57365
4717010600,율세동,128.73587,36.56986
4717010700,옥정동,128.73515,36.56734
4717010800,신세동,128.73923,36.56775
4717010900,법흥동,128.74231,36.56499
4717011000,용상동,128.76011,36.55392
4717011100,동문동,128.73569,36.56525
4717011200,동부동,128.73367,36.56542
4717011300,운흥동,128.73135,36.5606
4717011400,천리동,128.72698,36.56308
4717011500,남부동,128.73104,36.56392
4717011600,남문동,128.72835,36.56443
4717011700,안흥동,128.72537,36.56175
4717011800,대석동,128.72556,36.56599
4717011900,옥야동,128.72188,36.55988
4717012000,광석동,128.72256,36.56594
4717012100,당북동,128.71881,36.56217
4717012200,태화동,128.70881,36.56053
4717012300,화성동,128.72721,36.56968
4717012400,목성동,128.72817,36.56708
4717012500,법상동,128.72532,36.57108
4717012600,금곡동,128.72105,36.56923
4717012700,평화동,128.71512,36.56861
4717012800,안기동,128.71859,36.57915
4717012900,운안동,128.71055,36.57337
4717013000,성곡동,128.76902,36.56871
4717013100,상아동,128.75581,36.58087
4717013200,안막동,128.73288,36.58713
4717013300,옥동,128.6918,36.55891
4717013400,이천동,128.71161,36.59916
4717013500,노하동,128.6851,36.5866
4717013600,송현동,128.69251,36.57554
4717013700,송천동,128.79808,36.54752
4717013800,석동동,128.79995,36.5735
4717013900,정상동,128.74808,36.54293
4717014000,정하동,128.72694,36.54423
4717014100,수상동,128.70573,36.54133
4717014200,수하동,128.68033,36.54638
4717025000,풍산읍,128.58524,36.59399
4717031000,와룡면,128.79267,36.6304
4717032000,북후면,128.67594,36.67833
4717033000,서후면,128.65634,36.62825
4717034000,풍천면,128.51557,36.52575
4717035000,일직면,128.63779,36.46446
4717036000,남후면,128.62555,36.52862
4717037000,남선면,128.75332,36.50783
4717038000,임하면,128.84685,36.51048
4717039000,길안면,128.91562,36.41307
4717040000,임동면,128.94012,36.57886
4717041000,예안면,128.91256,36.68424
4717042000,도산면,128.84671,36.74804
4717043000,녹전면,128.76855,36.75031
4719010100,원평동,128.33885,36.12659
4719010200,지산동,128.34997,36.13703
4719010300,도량동,128.32767,36.14202
4719010400,봉곡동,128.31058,36.15313
4719010500,부곡동,128.29752,36.15579
4719010600,선기동,128.30174,36.13533
4719010700,수점동,128.28708,36.11227
4719010800,남통동,128.30957,36.10772
4719010900,형곡동,128.33372,36.10749
4719011000,송정동,128.34658,36.11856
4719011100,신평동,128.3634,36.12137
4719011200,비산동,128.37959,36.12502
4719011300,공단동,128.38082,36.10183
4719011400,광평동,128.3578,36.10928
4719011500,사곡동,128.35239,36.09958
4719011600,상모동,128.3456,36.0874
4719011700,임은동,128.36503,36.08611
4719011800,오태동,128.36526,36.07313
4719011900,신동,128.46623,36.09758
4719012000,구평동,128.44767,36.08778
4719012100,황상동,128.433,36.11566
4719012200,인의동,128.43302,36.10573
4719012300,진평동,128.41409,36.09716
4719012400,시미동,128.41188,36.09163
4719012500,임수동,128.40384,36.11387
4719012600,양호동,128.38064,36.13593
4719012700,거의동,128.40142,36.14229
4719012800,옥계동,128.42079,36.14398
4719012900,구포동,128.41725,36.12867
4719013000,금전동,128.45312,36.12569
4719025000,선산읍,128.29277,36.2425
4719025300,고아읍,128.32845,36.18421
4719025600,산동읍,128.45411,36.17929
4719031000,무을면,128.18855,36.26747
4719032000,옥성면,128.26114,36.30355
4719033000,도개면,128.35357,36.30434
4719034000,해평면,128.39062,36.22131
4719036000,장천면,128.51394,36.14809
4721010100,영주동,128.62021,36.82731
4721010200,상망동,128.64591,36.84273
4721010300,하망동,128.63326,36.82874
4721010400,휴천동,128.64166,36.8121
4721010500,가흥동,128.60447,36.82034
4721010600,문정동,128.60566,36.79608
4721010700,고현동,128.61525,36.84794
4721010800,창진동,128.59641,36.84358
4721010900,상줄동,128.58136,36.83157
4721011000,조와동,128.63282,36.86697
4721011100,조암동,128.64358,36.79958
4721011200,적서동,128.62158,36.78491
4721011300,아지동,128.59856,36.85879
4721025000,풍기읍,128.48897,36.90199
4721031000,이산면,128.69045,36.81771
4721032000,평은면,128.70007,36.74205
4721033000,문수면,128.62418,36.74851
4721034000,장수면,128.56839,36.77974
4721035000,안정면,128.55684,36.84278
4721036000,봉현면,128.4969,36.8272
4721037000,순흥면,128.54945,36.93332
4721038000,단산면,128.59478,36.96831
4721039000,부석면,128.65562,36.99024
4723010100,조교동,128.9601,35.97282
4723010200,망정동,128.95252,35.98538
4723010300,야사동,128.9442,35.98239
4723010400,문내동,128.93156,35.97254
4723010500,문외동,128.93607,35.97365
4723010600,창구동,128.92946,35.97167
4723010700,교촌동,128.92552,35.96923
4723010800,과전동,128.9306,35.96603
4723010900,성내동,128.9248,35.9624
4723011000,화룡동,128.91816,35.97235
4723011100,도동,128.93037,35.94246
4723011200,금노동,128.93601,35.95362
4723011300,완산동,128.95259,35.96215
4723011400,범어동,128.9705,35.95173
4723011500,작산동,128.94907,35.94292
4723011600,봉동,128.95337,35.93397
4723011700,본촌동,128.96099,35.92246
4723011800,채신동,128.95488,35.90781
4723011900,괴연동,128.96063,35.89303
4723012000,대전동,128.91359,35.9862
4723012100,녹전동,128.91516,36.00221
4723012200,도림동,128.94194,36.02182
4723012300,오미동,128.93399,35.99542
4723012400,오수동,128.9149,35.95593
4723012500,쌍계동,128.90654,35.96456
4723012600,도남동,128.93518,35.92999
4723012700,매산동,128.9173,36.0238
4723012800,언하동,128.96506,35.99122
4723012900,신기동,128.953,36.00336
4723013000,서산동,128.89056,35.97692
4723025000,금호읍,128.89934,35.92171
4723031000,청통면,128.81479,35.99484
4723032000,신녕면,128.7588,36.05495
4723033000,화산면,128.85507,36.03956
4723034000,화북면,128.94365,36.13091
4723035000,화남면,128.89633,36.08096
4723036000,자양면,129.04051,36.10201
4723037000,임고면,129.03508,36.04313
4723038000,고경면,129.06187,35.98311
4723039000,북안면,129.00416,35.90058
4723040000,대창면,128.91918,35.864
4725010100,성하동,128.1638,36.41524
4725010200,성동동,128.17116,36.41142
4725010300,인봉동,128.1642,36.4177
4725010400,복룡동,128.182,36.42218
4725010500,냉림동,128.16461,36.42304
4725010600,서성동,128.16093,36.41772
4725010700,남성동,128.15916,36.41199
4725010800,서문동,128.15618,36.41737
4725010900,무양동,128.15288,36.42135
4725011000,낙양동,128.14569,36.41065
4725011100,개운동,128.1323,36.3915
4725011200,신봉동,128.15804,36.39858
4725011300,가장동,128.13981,36.37838
4725011400,양촌동,128.1472,36.35595
4725011500,지천동,128.16563,36.35463
4725011600,오대동,128.17,36.37139
4725011700,흥각동,128.16648,36.38633
4725011800,거동동,128.18414,36.3763
4725011900,인평동,128.17904,36.39333
4725012000,서곡동,128.18939,36.40045
4725012100,화개동,128.18474,36.4118
4725012200,외답동,128.19871,36.4146
4725012300,헌신동,128.2101,36.41752
4725012400,병성동,128.21962,36.43153
4725012500,도남동,128.24897,36.44332
4725012600,낙상동,128.19859,36.44779
4725012700,중덕동,128.18573,36.44758
4725012800,초산동,128.17289,36.45657
4725012900,화산동,128.17844,36.43455
4725013000,계산동,128.17048,36.42798
4725013100,부원동,128.15333,36.45313
4725013200,죽전동,128.16596,36.44466
4725013300,만산동,128.15003,36.43438
4725013400,연원동,128.12806,36.43362
4725013500,남장동,128.1146,36.41812
4725013600,남적동,128.15095,36.46462
4725025000,함창읍,128.19776,36.54963
4725031000,중동면,128.28633,36.43065
4725032500,사벌국면,128.22135,36.48323
4725033000,낙동면,128.23698,36.36385
4725034000,청리면,128.13486,36.32856
4725035000,공성면,128.07456,36.28801
4725036000,외남면,128.08238,36.3592
4725037000,내서면,128.05022,36.41371
4725038000,모동면,127.96794,36.29877
4725039000,모서면,127.92848,36.3347
4725040000,화동면,127.95688,36.39368
4725041000,화서면,127.95104,36.45301
4725042000,화북면,127.88344,36.57988
4725043000,외서면,128.06809,36.48284
4725044000,은척면,128.04734,36.53697
4725045000,공검면,128.13423,36.51733
4725046000,이안면,128.12105,36.57439
4725047000,화남면,127.90449,36.45162
4728010100,점촌동,128.19953,36.59549
4728010200,영신동,128.21303,36.58167
4728010300,흥덕동,128.20734,36.60519
4728010400,우지동,128.19477,36.62079
4728010500,창동,128.19315,36.63579
4728010600,신기동,128.17015,36.63561
4728010700,불정동,128.13281,36.63303
4728010800,유곡동,128.15455,36.6199
4728010900,공평동,128.17266,36.60873
4728011000,모전동,128.18731,36.5909
4728011100,윤직동,128.2023,36.58519
4728025000,문경읍,128.12843,36.77026
4728025300,가은읍,128.01108,36.65975
4728031000,영순면,128.25155,36.56547
4728032000,산양면,128.25896,36.62261
4728033000,호계면,128.20092,36.66557
4728034000,산북면,128.25346,36.71385
4728035000,동로면,128.29633,36.78315
4728036000,마성면,128.11623,36.68614
4728037000,농암면,127.98026,36.58282
4729010100,삼남동,128.73872,35.81519
4729010200,삼북동,128.73948,35.81898
4729010300,서상동,128.73511,35.81744
4729010400,신교동,128.73988,35.81306
4729010500,상방동,128.74344,35.81371
4729010600,백천동,128.74381,35.79899
4729010700,옥곡동,128.72881,35.80808
4729010800,사정동,128.72288,35.81611
4729010900,옥산동,128.71936,35.82283
4729011000,중산동,128.71943,35.83044
4729011100,정평동,128.72826,35.83507
4729011200,대평동,128.73222,35.84001
4729011300,대정동,128.73276,35.8487
4729011400,임당동,128.74496,35.8429
4729011500,대동,128.75177,35.83495
4729011600,계양동,128.74749,35.82544
4729011700,중방동,128.73691,35.82791
4729011800,조영동,128.75501,35.84158
4729011900,남방동,128.79256,35.80982
4729012000,내동,128.78887,35.80446
4729012100,여천동,128.78807,35.79303
4729012200,유곡동,128.77826,35.79067
4729012300,신천동,128.78133,35.813
4729012400,점촌동,128.76974,35.79348
4729012500,평산동,128.76249,35.80072
4729012600,사동,128.75526,35.80967
4729012700,삼풍동,128.75682,35.82407
4729012800,갑제동,128.77007,35.82592
4729025000,하양읍,128.78736,35.9137
4729025300,진량읍,128.83481,35.87065
4729025600,압량읍,128.77883,35.84507
4729031000,와촌면,128.79699,35.95685
4729033000,자인면,128.82434,35.82208
4729034000,용성면,128.90141,35.79985
4729035000,남산면,128.82235,35.77139
4729037000,남천면,128.73829,35.75527
4773025000,의성읍,128.69989,36.34898
4773031000,단촌면,128.69839,36.42778
4773032000,점곡면,128.76734,36.4117
4773033000,옥산면,128.83211,36.36267
4773034000,사곡면,128.7951,36.29808
4773035000,춘산면,128.81776,36.24058
4773036000,가음면,128.74782,36.22082
4773037000,금성면,128.68496,36.25974
4773038000,봉양면,128.60979,36.3047
4773039000,비안면,128.51658,36.33827
4773040000,구천면,128.42284,36.33226
4773041000,단밀면,128.354,36.36471
4773042000,단북면,128.39677,36.39537
4773043000,안계면,128.46169,36.39381
4773044000,다인면,128.37018,36.45985
4773045000,신평면,128.51284,36.47013
4773046000,안평면,128.58568,36.38631
4773047000,안사면,128.45552,36.45702
4775025000,청송읍,129.09836,36.42302
4775031500,주왕산면,129.16545,36.36221
4775032000,부남면,129.13139,36.29586
4775033000,현동면,129.0298,36.25552
4775034000,현서면,128.92896,36.22823
4775035000,안덕면,128.98484,36.31913
4775036000,파천면,129.02797,36.45297
4775037000,진보면,129.06234,36.5244
4776025000,영양읍,129.17185,36.65252
4776031000,입암면,129.05955,36.59959
4776032000,청기면,129.04197,36.7161
4776033000,일월면,129.12684,36.76079
4776034000,수비면,129.2219,36.78731
4776035000,석보면,129.17243,36.55532
4777025000,영덕읍,129.38167,36.43704
4777031000,강구면,129.36803,36.38152
4777032000,남정면,129.33587,36.31367
4777033000,달산면,129.27249,36.37429
4777034000,지품면,129.24771,36.45885
4777035000,축산면,129.38251,36.49539
4777036000,영해면,129.33537,36.53103
4777037000,병곡면,129.38553,36.60799
4777038000,창수면,129.29627,36.60269
4782025000,화양읍,128.71627,35.66601
4782025300,청도읍,128.75655,35.62778
4782031000,각남면,128.6559,35.61717
4782032000,풍각면,128.57757,35.63778
4782033000,각북면,128.58163,35.69867
4782034000,이서면,128.66206,35.68869
4782035000,운문면,128.97561,35.7114
4782036000,금천면,128.89781,35.70184
4782037000,매전면,128.83052,35.66404
4783025300,대가야읍,128.25675,35.7292
4783031000,덕곡면,128.2034,35.78216
4783032000,운수면,128.29617,35.78343
4783033000,성산면,128.35686,35.75659
4783034000,다산면,128.41876,35.82186
4783035000,개진면,128.36548,35.71539
4783036000,우곡면,128.345,35.66215
4783037000,쌍림면,128.23232,35.68007
4784025000,성주읍,128.28056,35.91798
4784031000,선남면,128.35249,35.90272
4784032000,용암면,128.31542,35.84505
4784033000,수륜면,128.20232,35.82811
4784034000,가천면,128.12808,35.86656
4784035000,금수면,128.12412,35.92426
4784036000,대가면,128.21575,35.90232
4784037000,벽진면,128.19838,35.97386
4784038000,초전면,128.24816,36.00715
4784039000,월항면,128.30687,35.97521
4785025000,왜관읍,128.42405,35.97716
4785025300,북삼읍,128.33093,36.06021
4785025600,석적읍,128.434,36.05158
4785031000,지천면,128.48744,35.9619
4785032000,동명면,128.56327,36.00937
4785033000,가산면,128.54286,36.07012
4785036000,약목면,128.36512,36.02807
4785037000,기산면,128.3568,35.98276
4790025000,예천읍,128.45346,36.65666
4790025300,호명읍,128.47529,36.60675
4790031000,용문면,128.39441,36.70636
4790034000,감천면,128.51629,36.73283
4790035000,보문면,128.55209,36.67722
4790037000,유천면,128.36595,36.65304
4790038000,용궁면,128.30473,36.60539
4790039000,개포면,128.36874,36.60953
4790040000,지보면,128.38952,36.55332
4790041000,풍양면,128.30356,36.513
4790042000,효자면,128.42219,36.79389
4790043000,은풍면,128.44227,36.74511
4792025000,봉화읍,128.70732,36.88999
4792031000,물야면,128.73337,36.97324
4792032000,봉성면,128.80933,36.91762
4792033000,법전면,128.91823,36.90988
4792034000,춘양면,128.85336,37.00365
4792035000,소천면,129.02663,36.94734
4792036000,재산면,129.00058,36.82184
4792037000,명호면,128.88816,36.83924
4792038000,상운면,128.775,36.83481
4792039000,석포면,129.05683,37.05069
4793025000,울진읍,129.34616,37.00107
4793025300,평해읍,129.43708,36.72981
4793031000,북면,129.30847,37.07439
4793033000,근남면,129.36037,36.94598
4793035000,기성면,129.40801,36.80468
4793036000,온정면,129.34269,36.71751
4793037000,죽변면,129.39482,37.05388
4793038000,후포면,129.42758,36.67939
4793039000,금강송면,129.20754,36.94649
4793040000,매화면,129.35246,36.86316
4794025000,울릉읍,130.89047,37.49308
4794031000,서면,130.83331,37.49099
4794032000,북면,130.86793,37.5245
4812110100,북동,128.62148,35.26625
4812110200,중동,128.62676,35.25516
4812110300,서상동,128.62055,35.26019
4812110400,소답동,128.62449,35.26892
4812110500,도계동,128.64324,35.26072
4812110600,동정동,128.60902,35.26794
4812110700,소계동,128.59547,35.26423
4812110800,용동,128.70731,35.24125
4812111300,지귀동,128.65823,35.2502
4812111400,서곡동,128.6546,35.25237
4812111600,봉림동,128.67109,35.25602
4812111700,퇴촌동,128.69223,35.25242
4812111800,명곡동,128.6517,35.25692
4812111900,반계동,128.61545,35.24025
4812112000,사화동,128.63538,35.24369
4812112100,차용동,128.63253,35.23202
4812112200,내리동,128.62233,35.22564
4812112400,명서동,128.64508,35.24676
4812112500,사림동,128.68519,35.24289
4812112700,봉곡동,128.66271,35.24682
4812112900,팔용동,128.62228,35.24545
4812125000,동읍,128.6696,35.30835
4812131000,북면,128.6062,35.33112
4812132000,대산면,128.71049,35.34277
4812310100,토월동,128.71305,35.23146
4812310200,사파정동,128.7125,35.2213
4812310300,가음정동,128.68524,35.20734
4812310400,외동,128.67481,35.21222
4812310500,대방동,128.71566,35.21003
4812310600,남산동,128.69658,35.19922
4812310700,삼정자동,128.72007,35.20086
4812310800,천선동,128.71669,35.17336
4812310900,불모산동,128.73531,35.19049
4812311000,안민동,128.68671,35.17925
4812311100,내동,128.66215,35.21943
4812311200,남지동,128.67629,35.18655
4812311300,상복동,128.66255,35.19015
4812311400,완암동,128.65319,35.19461
4812311500,창곡동,128.64658,35.19729
4812311600,월림동,128.64401,35.20919
4812311700,적현동,128.61046,35.20021
4812311800,양곡동,128.63448,35.19419
4812311900,반송동,128.6721,35.24038
4812312000,귀산동,128.61528,35.16447
4812312100,귀곡동,128.61219,35.17834
4812312200,귀현동,128.61057,35.19006
4812312300,신촌동,128.63641,35.21099
4812312400,반지동,128.662,35.24183
4812312500,중앙동,128.66943,35.22692
4812312600,반림동,128.671,35.23719
4812312700,상남동,128.68446,35.21837
4812312800,성주동,128.70524,35.19348
4812312900,웅남동,128.65611,35.21124
4812313000,사파동,128.69919,35.2226
4812313100,가음동,128.69545,35.20789
4812313200,성산동,128.67313,35.202
4812313300,남양동,128.70245,35.21021
4812313400,용지동,128.68151,35.23264
4812313500,용호동,128.68181,35.23409
4812313600,신월동,128.69045,35.22795
4812313700,대원동,128.64486,35.22497
4812313800,두대동,128.65736,35.23459
4812313900,삼동동,128.65503,35.22818
4812314000,덕정동,128.64688,35.23111
4812314100,퇴촌동,128.67609,35.24213
4812510100,가포동,128.57446,35.16208
4812510200,교방동,128.55242,35.21028
4812510300,교원동,128.56876,35.21437
4812510400,남성동,128.57712,35.20267
4812510500,대내동,128.55726,35.18291
4812510600,대성동1가,128.56119,35.19222
4812510700,대성동2가,128.56242,35.19376
4812510800,대외동,128.55847,35.1846
4812510900,대창동,128.55461,35.18619
4812511000,덕동동,128.57905,35.14155
4812511100,동성동,128.57841,35.20456
4812511200,두월동1가,128.5612,35.18785
4812511300,두월동2가,128.56045,35.1866
4812511400,두월동3가,128.55994,35.18542
4812511500,문화동,128.55686,35.18794
4812511600,반월동,128.56044,35.18998
4812511700,부림동,128.5726,35.20551
4812511800,산호동,128.5832,35.21521
4812511900,상남동,128.57457,35.21275
4812512000,서성동,128.57054,35.20292
4812512100,성호동,128.56986,35.20957
4812512200,수성동,128.57415,35.20411
4812512300,신월동,128.55728,35.19257
4812512400,신창동,128.55983,35.18745
4812512500,신포동1가,128.57232,35.19715
4812512600,신포동2가,128.57335,35.20111
4812512700,신흥동,128.56474,35.19426
4812512800,완월동,128.54921,35.19817
4812512900,월남동1가,128.56361,35.1865
4812513000,월남동2가,128.56202,35.18606
4812513100,월남동3가,128.56056,35.18479
4812513200,월남동4가,128.55939,35.18256
4812513300,월남동5가,128.55908,35.18098
4812513400,월영동,128.55353,35.18018
4812513500,월포동,128.57055,35.18479
4812513600,예곡동,128.53943,35.17399
4812513700,오동동,128.5808,35.20654
4812513800,우산동,128.55075,35.15715
4812513900,유록동,128.55597,35.18512
4812514000,자산동,128.56062,35.2046
4812514100,장군동1가,128.56213,35.19131
4812514200,장군동2가,128.56337,35.19337
4812514300,장군동3가,128.56429,35.19575
4812514400,장군동4가,128.56516,35.19821
4812514500,장군동5가,128.56618,35.20057
4812514600,중성동,128.57467,35.20853
4812514700,중앙동1가,128.56276,35.19
4812514800,중앙동2가,128.56682,35.19454
4812514900,중앙동3가,128.56804,35.19847
4812515000,창동,128.57441,35.20642
4812515100,창포동1가,128.56224,35.18471
4812515200,창포동2가,128.56148,35.18363
4812515300,창포동3가,128.56077,35.182
4812515400,청계동,128.55747,35.18485
4812515500,추산동,128.57059,35.20655
4812515600,평화동,128.55868,35.18734
4812515700,화영동,128.55448,35.18445
4812515800,해운동,128.5632,35.17987
4812515900,현동,128.55071,35.14352
4812516000,홍문동,128.55914,35.18423
4812531000,구산면,128.5787,35.09881
4812532000,진동면,128.50869,35.13516
4812533000,진북면,128.45997,35.14939
4812534000,진전면,128.40285,35.13124
4812710100,구암동,128.59073,35.25534
4812710200,두척동,128.5429,35.23488
4812710300,봉암동,128.60627,35.22456
4812710400,석전동,128.57106,35.23051
4812710500,양덕동,128.58698,35.22511
4812710600,합성동,128.57935,35.24774
4812710700,회성동,128.55909,35.23567
4812710800,회원동,128.55701,35.21981
4812725000,내서읍,128.51334,35.23046
4812910100,동상동,128.65293,35.15445
4812910200,도천동,128.65308,35.15303
4812910300,도만동,128.65453,35.14964
4812910400,신흥동,128.65682,35.14586
4812910500,현동,128.6428,35.15853
4812910600,비봉동,128.61884,35.14742
4812910700,태평동,128.66497,35.14549
4812910800,충의동,128.66295,35.14519
4812910900,무송동,128.66579,35.14445
4812911000,인의동,128.658,35.1432
4812911100,숭인동,128.65955,35.14494
4812911200,대영동,128.65908,35.14437
4812911300,남빈동,128.65858,35.14398
4812911400,앵곡동,128.66101,35.14016
4812911500,제황산동,128.67057,35.14797
4812911600,속천동,128.67034,35.14262
4812911700,대죽동,128.66615,35.14086
4812911800,안곡동,128.66804,35.13013
4812911900,수송동,128.6562,35.15105
4812912000,회현동,128.65697,35.15036
4812912100,익선동,128.65753,35.14974
4812912200,창선동,128.65819,35.14957
4812912300,대천동,128.65895,35.14946
4812912400,광화동,128.65945,35.14826
4812912500,통신동,128.66055,35.14923
4812912600,중앙동,128.66143,35.14919
4812912700,부흥동,128.66219,35.14701
4812912800,중평동,128.65966,35.14742
4812912900,근화동,128.66059,35.14679
4812913000,송죽동,128.65681,35.14799
4812913100,화천동,128.66148,35.15176
4812913200,송학동,128.66176,35.15113
4812913300,대흥동,128.66131,35.15062
4812913400,평안동,128.65978,35.1501
4812913500,충무동,128.66648,35.15196
4812913600,인사동,128.66737,35.14974
4812913700,여좌동,128.66329,35.15728
4812913800,태백동,128.6661,35.16982
4812913900,경화동,128.68388,35.16004
4812914000,석동,128.7015,35.16064
4812914100,이동,128.69588,35.1514
4812914200,자은동,128.72068,35.1504
4812914300,덕산동,128.69582,35.1432
4812914400,풍호동,128.71161,35.13635
4812914500,장천동,128.71235,35.12828
4812914600,행암동,128.70055,35.11306
4812914700,북부동,128.74125,35.1278
4812914800,성내동,128.75828,35.11475
4812914900,서중동,128.73739,35.11193
4812915000,남문동,128.76588,35.09804
4812915100,제덕동,128.74615,35.09689
4812915200,수도동,128.7561,35.07692
4812915300,연도동,128.76934,35.07284
4812915400,명동,128.7265,35.09788
4812915500,죽곡동,128.72452,35.11259
4812915600,원포동,128.71026,35.11054
4812915700,남양동,128.7777,35.11425
4812915800,마천동,128.7916,35.13876
4812915900,소사동,128.75852,35.14181
4812916000,대장동,128.77393,35.15248
4812916100,두동,128.80575,35.12396
4812916200,청안동,128.7985,35.10415
4812916300,안골동,128.79578,35.08854
4812916400,용원동,128.81672,35.10493
4812916500,가주동,128.83135,35.11648
4817010100,망경동,128.08084,35.18094
4817010200,주약동,128.08533,35.17016
4817010300,강남동,128.08745,35.18353
4817010400,칠암동,128.09338,35.1829
4817010500,본성동,128.08206,35.19052
4817010600,동성동,128.08517,35.1918
4817010700,남성동,128.07726,35.18874
4817010800,인사동,128.07403,35.19133
4817010900,대안동,128.0841,35.19455
4817011000,평안동,128.08286,35.19723
4817011100,중안동,128.08087,35.1936
4817011200,계동,128.0808,35.19667
4817011300,봉곡동,128.07458,35.1946
4817011400,상봉동,128.07273,35.20346
4817011500,봉래동,128.08482,35.20122
4817011600,수정동,128.08568,35.19754
4817011700,장대동,128.088,35.19312
4817011800,옥봉동,128.09393,35.19521
4817011900,상대동,128.11182,35.18337
4817012000,하대동,128.11634,35.1917
4817012100,상평동,128.11465,35.17323
4817012200,초전동,128.11654,35.20538
4817012300,장재동,128.09602,35.21353
4817012400,하촌동,128.08227,35.21739
4817012500,신안동,128.06676,35.18158
4817012600,평거동,128.05316,35.16964
4817012700,이현동,128.05222,35.19619
4817012800,유곡동,128.05946,35.20305
4817012900,판문동,128.03565,35.18752
4817013000,귀곡동,128.01495,35.17092
4817013100,가좌동,128.10828,35.15457
4817013200,호탄동,128.12175,35.16216
4817013700,충무공동,128.141,35.17567
4817025000,문산읍,128.18151,35.15711
4817031000,내동면,128.04091,35.14366
4817032000,정촌면,128.11373,35.12733
4817033000,금곡면,128.18808,35.10426
4817035000,진성면,128.23011,35.17487
4817036000,일반성면,128.28491,35.1565
4817037000,이반성면,128.33466,35.165
4817038000,사봉면,128.27821,35.19957
4817039000,지수면,128.26353,35.23564
4817040000,대곡면,128.17603,35.26311
4817041000,금산면,128.15825,35.20949
4817042000,집현면,128.08705,35.25331
4817043000,미천면,128.11176,35.3074
4817044000,명석면,128.02106,35.25486
4817045000,대평면,127.97952,35.20033
4817046000,수곡면,127.92995,35.20325
4822010100,도천동,128.41018,34.84233
4822010200,서호동,128.41921,34.84218
4822010300,명정동,128.41301,34.85179
4822010400,항남동,128.42295,34.84157
4822010500,중앙동,128.42287,34.84485
4822010600,문화동,128.42148,34.8483
4822010700,태평동,128.42566,34.84781
4822010900,정량동,128.43584,34.84643
4822011000,북신동,128.4239,34.85454
4822011100,무전동,128.42855,34.86076
4822011200,평림동,128.39343,34.85436
4822011300,인평동,128.39173,34.84154
4822011400,당동,128.40614,34.83547
4822011500,미수동,128.40203,34.82441
4822011600,봉평동,128.4151,34.82257
4822011700,도남동,128.42721,34.82528
4822025000,산양읍,128.39899,34.80162
4822031000,용남면,128.44775,34.88056
4822033000,도산면,128.35585,34.9062
4822034000,광도면,128.40789,34.92223
4822035000,욕지면,128.25618,34.63373
4822036000,한산면,128.48377,34.78309
4822037000,사량면,128.23201,34.8194
4824010100,동동,128.06757,34.93853
4824010200,서동,128.06588,34.93147
4824010300,선구동,128.07349,34.93324
4824010400,동금동,128.08079,34.93111
4824010500,서금동,128.07406,34.92509
4824010600,동림동,128.07285,34.94691
4824010700,좌룡동,128.08173,34.95653
4824010800,벌리동,128.08339,34.9396
4824010900,용강동,128.0887,34.95117
4824011000,와룡동,128.10635,34.96975
4824011100,봉남동,128.10261,34.94397
4824011200,이금동,128.10978,34.95089
4824011300,이홀동,128.12396,34.96064
4824011400,궁지동,128.11791,34.94048
4824011500,사등동,128.10949,34.92626
4824011600,향촌동,128.09682,34.93178
4824011700,대방동,128.05668,34.9356
4824011800,실안동,128.04962,34.94896
4824011900,마도동,128.03056,34.93616
4824012000,늑도동,128.03706,34.92313
4824012100,신수동,128.07591,34.89862
4824012200,백천동,128.09575,34.99375
4824012300,신벽동,128.07241,34.98516
4824012400,노룡동,128.05414,34.98538
4824012500,대포동,128.04674,34.99008
4824012600,송포동,128.05278,34.96489
4824012700,죽림동,128.07844,34.97036
4824025000,사천읍,128.11842,35.0921
4824031000,정동면,128.13608,35.05118
4824032000,사남면,128.10639,35.02724
4824033000,용현면,128.06825,35.01984
4824034000,축동면,128.05927,35.10635
4824035000,곤양면,127.98486,35.07261
4824036000,곤명면,127.94588,35.12062
4824037000,서포면,127.96689,35.01428
4825010100,동상동,128.88747,35.2417
4825010200,서상동,128.88001,35.2344
4825010300,부원동,128.88887,35.22383
4825010400,봉황동,128.87693,35.2288
4825010500,대성동,128.87854,35.24022
4825010600,구산동,128.8725,35.25121
4825010700,삼계동,128.86815,35.27151
4825010800,내동,128.86319,35.24248
4825010900,외동,128.85889,35.23183
4825011000,흥동,128.86009,35.2177
4825011100,풍유동,128.84625,35.21494
4825011200,명법동,128.83601,35.20083
4825011300,이동,128.84422,35.18855
4825011400,화목동,128.86235,35.19256
4825011500,전하동,128.87083,35.21276
4825011600,강동,128.88114,35.21688
4825011700,삼정동,128.89892,35.22583
4825011800,어방동,128.90107,35.24052
4825011900,삼방동,128.90691,35.25933
4825012000,안동,128.91835,35.23552
4825012100,지내동,128.92335,35.23185
4825012200,불암동,128.92306,35.22199
4825012300,유하동,128.81429,35.21523
4825012400,내덕동,128.82348,35.20627
4825012500,부곡동,128.79581,35.21209
4825012600,무계동,128.81526,35.20006
4825012700,신문동,128.82362,35.18858
4825012800,삼문동,128.78689,35.20012
4825012900,대청동,128.76843,35.18552
4825013000,관동동,128.79095,35.17191
4825013100,율하동,128.80898,35.16739
4825013200,장유동,128.8309,35.16487
4825013300,응달동,128.84471,35.17487
4825013400,수가동,128.86749,35.16866
4825025000,진영읍,128.73942,35.29457
4825032000,주촌면,128.82211,35.24308
4825033000,진례면,128.75834,35.24271
4825034000,한림면,128.80793,35.31263
4825035000,생림면,128.85146,35.34311
4825036000,상동면,128.91844,35.31785
4825037000,대동면,128.96814,35.26012
4827010100,내일동,128.7555,35.49449
4827010200,내이동,128.74129,35.49917
4827010300,교동,128.76324,35.50814
4827010400,삼문동,128.75201,35.48388
4827010500,남포동,128.78835,35.46706
4827010600,용평동,128.77086,35.49237
4827010700,활성동,128.80672,35.48199
4827010800,가곡동,128.77929,35.47674
4827025000,삼랑진읍,128.84126,35.42612
4827025300,하남읍,128.74049,35.37946
4827031000,부북면,128.71499,35.5223
4827032000,상동면,128.78525,35.55733
4827033000,산외면,128.82062,35.52268
4827034000,산내면,128.92453,35.59161
4827035000,단장면,128.91069,35.50549
4827036000,상남면,128.76403,35.42097
4827037000,초동면,128.6839,35.41812
4827038000,무안면,128.64284,35.486
4827039000,청도면,128.63313,35.55928
4831010100,능포동,128.73642,34.88074
4831010200,장승포동,128.72716,34.86109
4831010300,두모동,128.72278,34.87809
4831010400,아양동,128.70621,34.86429
4831010500,아주동,128.68342,34.86879
4831010600,옥포동,128.69194,34.89509
4831010700,덕포동,128.70124,34.91453
4831010800,장평동,128.59843,34.89385
4831010900,고현동,128.62283,34.88427
4831011000,상동동,128.62998,34.86576
4831011100,문동동,128.65538,34.85808
4831011200,삼거동,128.65412,34.83882
4831011300,양정동,128.64825,34.87799
4831011400,수월동,128.66095,34.88919
4831031000,일운면,128.69417,34.82119
4831032000,동부면,128.6144,34.79778
4831033000,남부면,128.61422,34.738
4831034000,거제면,128.57676,34.85345
4831035000,둔덕면,128.51464,34.85813
4831036000,사등면,128.53074,34.89466
4831037000,연초면,128.65236,34.9271
4831038000,하청면,128.63514,34.95479
4831039000,장목면,128.6947,34.98203
4833010100,다방동,129.04705,35.33282
4833010200,남부동,129.03237,35.33377
4833010300,중부동,129.03365,35.33948
4833010400,북부동,129.04258,35.34618
4833010500,명곡동,129.07757,35.34438
4833010600,신기동,129.05296,35.35096
4833010700,북정동,129.04946,35.36219
4833010800,산막동,129.05903,35.37307
4833010900,호계동,129.08011,35.36896
4833011000,교동,129.01745,35.35188
4833011100,유산동,129.02911,35.3663
4833011200,어곡동,129.00587,35.3953
4833011300,용당동,129.19387,35.4207
4833011400,삼호동,129.18662,35.40763
4833011500,명동,129.1767,35.39504
4833011600,주남동,129.14998,35.42796
4833011700,소주동,129.1446,35.41013
4833011800,주진동,129.1399,35.39525
4833011900,평산동,129.12797,35.38308
4833012000,덕계동,129.15806,35.373
4833012100,매곡동,129.18111,35.36897
4833025300,물금읍,129.00045,35.31553
4833031000,동면,129.07226,35.32083
4833032000,원동면,128.96122,35.42016
4833033000,상북면,129.04466,35.42464
4833034000,하북면,129.08477,35.46213
4872025000,의령읍,128.26309,35.30349
4872031000,가례면,128.22714,35.35557
4872032000,칠곡면,128.18488,35.34975
4872033000,대의면,128.14307,35.36782
4872034000,화정면,128.21644,35.28437
4872035000,용덕면,128.27899,35.3571
4872036000,정곡면,128.33501,35.37668
4872037000,지정면,128.38936,35.3923
4872038000,낙서면,128.38985,35.48463
4872039000,부림면,128.33197,35.47766
4872040000,봉수면,128.26637,35.47651
4872041500,궁류면,128.23151,35.43311
4872042000,유곡면,128.29611,35.42279
4873025000,가야읍,128.39524,35.27348
4873025300,칠원읍,128.52798,35.29491
4873031000,함안면,128.42438,35.23037
4873032000,군북면,128.33338,35.25806
4873033000,법수면,128.35097,35.32699
4873034000,대산면,128.43632,35.34783
4873035000,칠서면,128.49542,35.35058
4873036000,칠북면,128.53915,35.35492
4873038000,산인면,128.4536,35.27649
4873039000,여항면,128.44488,35.195
4874025000,창녕읍,128.52019,35.52421
4874025300,남지읍,128.43302,35.4288
4874031000,고암면,128.53582,35.57069
4874032000,성산면,128.52033,35.6239
4874033000,대합면,128.44516,35.5954
4874034000,이방면,128.38261,35.56891
4874035000,유어면,128.42108,35.51766
4874036000,대지면,128.45898,35.5425
4874037000,계성면,128.51472,35.47653
4874038000,영산면,128.5254,35.4477
4874039000,장마면,128.47006,35.46847
4874040000,도천면,128.53381,35.42427
4874041000,길곡면,128.56578,35.40292
4874042000,부곡면,128.61691,35.4174
4882025000,고성읍,128.31557,34.97732
4882031000,삼산면,128.27181,34.94551
4882032000,하일면,128.19105,34.93711
4882033000,하이면,128.14226,34.93761
4882034000,상리면,128.20001,34.99719
4882035000,대가면,128.27669,35.02742
4882036000,영현면,128.21891,35.04773
4882037000,영오면,128.23075,35.10369
4882038000,개천면,128.28639,35.09677
4882039000,구만면,128.33809,35.09309
4882040000,회화면,128.38726,35.07502
4882041000,마암면,128.33451,35.04544
4882042000,동해면,128.44443,35.0247
4882043000,거류면,128.38256,34.9844
4884025000,남해읍,127.8908,34.83163
4884031000,이동면,127.95323,34.78817
4884032000,상주면,127.98005,34.73355
4884033000,삼동면,128.0199,34.79525
4884034000,미조면,128.03452,34.73335
4884035000,남면,127.87868,34.7627
4884036000,서면,127.84282,34.83818
4884037000,고현면,127.87237,34.88925
4884038000,설천면,127.89951,34.9186
4884039000,창선면,128.01651,34.86864
4885025000,하동읍,127.73756,35.0859
4885031000,화개면,127.6476,35.25398
4885032000,악양면,127.71016,35.17108
4885033000,적량면,127.76605,35.10545
4885034000,횡천면,127.81582,35.12076
4885035000,고전면,127.81541,35.02724
4885036000,금남면,127.85499,34.97888
4885037000,진교면,127.89374,35.03379
4885038000,양보면,127.84663,35.06913
4885039000,북천면,127.87104,35.11992
4885040000,청암면,127.75739,35.19635
4885041000,옥종면,127.86134,35.19426
4885042000,금성면,127.79833,34.96202
4886025000,산청읍,127.90047,35.40745
4886031000,차황면,127.9444,35.47197
4886032000,오부면,127.89221,35.49107
4886033000,생초면,127.84807,35.50925
4886034000,금서면,127.81315,35.41926
4886035000,삼장면,127.80845,35.33963
4886036000,시천면,127.77675,35.27672
4886037000,단성면,127.91606,35.29463
4886038000,신안면,127.97867,35.34286
4886039000,생비량면,128.05597,35.35054
4886040000,신등면,128.00184,35.40629
4887025000,함양읍,127.70357,35.49995
4887031000,마천면,127.67968,35.37404
4887032000,휴천면,127.73471,35.4454
4887033000,유림면,127.783,35.48562
4887034000,수동면,127.81133,35.55825
4887035000,지곡면,127.76006,35.57805
4887036000,안의면,127.80393,35.65647
4887037000,서하면,127.71745,35.63203
4887038000,서상면,127.67939,35.69342
4887039000,백전면,127.63362,35.56761
4887040000,병곡면,127.68828,35.55629
4888025000,거창읍,127.90921,35.69762
4888031000,주상면,127.91537,35.76633
4888032000,웅양면,127.92434,35.83227
4888033000,고제면,127.86261,35.84871
4888034000,북상면,127.76692,35.78964
4888035000,위천면,127.8238,35.74821
4888036000,마리면,127.84707,35.69972
4888037000,남상면,127.91719,35.62054
4888038000,남하면,127.97409,35.6738
4888039000,신원면,127.92797,35.56519
4888040000,가조면,128.0292,35.70532
4888041000,가북면,128.00789,35.79429
4889025000,합천읍,128.13948,35.60772
4889031000,봉산면,128.03572,35.60951
4889032000,묘산면,128.11083,35.66195
4889033000,가야면,128.09869,35.76005
4889034000,야로면,128.16937,35.71624
4889035000,율곡면,128.20817,35.59488
4889036000,초계면,128.24616,35.54061
4889037000,쌍책면,128.26974,35.60886
4889038000,덕곡면,128.32523,35.63165
4889039000,청덕면,128.33067,35.55962
4889040000,적중면,128.28538,35.53971
4889041000,대양면,128.1871,35.51108
4889042000,쌍백면,128.15462,35.45482
4889043000,삼가면,128.11191,35.41338
4889044000,가회면,128.03214,35.45975
4889045000,대병면,128.00937,35.52727
4889046000,용주면,128.10003,35.5395
5011010100,일도일동,126.52742,33.51295
5011010200,일도이동,126.54103,33.50649
5011010300,이도일동,126.52752,33.50545
5011010400,이도이동,126.53944,33.49531
5011010500,삼도일동,126.51948,33.50277
5011010600,삼도이동,126.5212,33.5127
5011010700,건입동,126.54302,33.5161
5011010800,용담일동,126.51477,33.50856
5011010900,용담이동,126.50059,33.50671
5011011000,용담삼동,126.49566,33.51581
5011011100,화북일동,126.56475,33.51908
5011011200,화북이동,126.5639,33.50229
5011011300,삼양일동,126.59852,33.52338
5011011400,삼양이동,126.58412,33.52103
5011011500,삼양삼동,126.57668,33.52466
5011011600,봉개동,126.61142,33.44636
5011011700,아라일동,126.55808,33.42886
5011011800,아라이동,126.55323,33.47728
5011011900,오라일동,126.51664,33.49538
5011012000,오라이동,126.51875,33.4279
5011012100,오라삼동,126.50504,33.49451
5011012200,노형동,126.4851,33.44847
5011012300,외도일동,126.43023,33.4827
5011012400,외도이동,126.42833,33.49335
5011012500,이호일동,126.45637,33.49869
5011012600,이호이동,126.46016,33.49173
5011012700,도두일동,126.47147,33.50122
5011012800,도두이동,126.48439,33.50304
5011012900,도남동,126.52501,33.4869
5011013000,도련일동,126.58693,33.5054
5011013100,도련이동,126.5969,33.51232
5011013200,용강동,126.59561,33.44928
5011013300,회천동,126.62282,33.47856
5011013400,오등동,126.53946,33.42738
5011013500,월평동,126.5829,33.43468
5011013600,영평동,126.57433,33.44953
5011013700,연동,126.49519,33.45756
5011013800,도평동,126.45183,33.47781
5011013900,해안동,126.47149,33.42426
5011014000,내도동,126.44288,33.49097
5011025000,한림읍,126.28497,33.3763
5011025300,애월읍,126.39386,33.41118
5011025600,구좌읍,126.79557,33.49822
5011025900,조천읍,126.66744,33.47227
5011031000,한경면,126.22312,33.32254
5011032000,추자면,126.32369,33.94622
5011033000,우도면,126.95573,33.50533
5013010100,서귀동,126.56391,33.24626
5013010200,법환동,126.51235,33.24284
5013010300,서호동,126.51819,33.28561
5013010400,호근동,126.53234,33.26635
5013010500,동홍동,126.55193,33.2954
5013010600,서홍동,126.54102,33.28671
5013010700,상효동,126.57167,33.32115
5013010800,하효동,126.61715,33.25421
5013010900,신효동,126.60862,33.26516
5013011000,보목동,126.60012,33.24613
5013011100,토평동,126.57319,33.28735
5013011200,중문동,126.44261,33.30638
5013011300,회수동,126.44433,33.27308
5013011400,대포동,126.44848,33.27287
5013011500,월평동,126.46365,33.2442
5013011600,강정동,126.49106,33.25237
5013011700,도순동,126.48244,33.2985
5013011800,하원동,126.47084,33.30634
5013011900,색달동,126.41925,33.29368
5013012000,상예동,126.38565,33.27003
5013012100,하예동,126.37978,33.23967
5013012200,영남동,126.50408,33.3155
5013025000,대정읍,126.24664,33.25767
5013025300,남원읍,126.66624,33.32821
5013025900,성산읍,126.86591,33.41854
5013031000,안덕면,126.34756,33.29236
5013032000,표선면,126.76863,33.37459
5111010100,봉의동,127.73095,37.88636
5111010200,요선동,127.72761,37.88299
5111010300,낙원동,127.72413,37.87926
5111010400,중앙로1가,127.72914,37.88253
5111010500,중앙로2가,127.726,37.87901
5111010600,중앙로3가,127.72162,37.87534
5111010700,옥천동,127.7325,37.88427
5111010800,조양동,127.73031,37.87977
5111010900,죽림동,127.72651,37.87729
5111011000,운교동,127.73234,37.87704
5111011100,약사동,127.72531,37.87415
5111011200,효자동,127.73779,37.87043
5111011300,소양로1가,127.73018,37.89207
5111011400,소양로2가,127.72602,37.88697
5111011500,소양로3가,127.72313,37.88185
5111011600,소양로4가,127.72007,37.87758
5111011700,근화동,127.71466,37.88473
5111011800,우두동,127.73726,37.90637
5111011900,사농동,127.72277,37.9149
5111012000,후평동,127.74858,37.88264
5111012100,온의동,127.7158,37.86107
5111012200,교동,127.73661,37.88224
5111012300,퇴계동,127.73153,37.85395
5111012400,석사동,127.75083,37.85841
5111012500,삼천동,127.69745,37.8678
5111012600,칠전동,127.69933,37.8443
5111012700,송암동,127.68914,37.85597
5111012800,신동,127.72779,37.93206
5111012900,중도동,127.70155,37.88992
5111025000,신북읍,127.75363,37.96009
5111031000,동면,127.84471,37.88908
5111032000,동산면,127.78242,37.77292
5111033000,신동면,127.70554,37.80911
5111034000,남면,127.5979,37.73842
5111035000,서면,127.6436,37.89813
5111036000,사북면,127.64385,38.01046
5111038000,북산면,127.90942,37.96927
5111039000,동내면,127.78435,37.83706
5111040000,남산면,127.62135,37.77925
5113010100,중앙동,127.95056,37.34977
5113010200,평원동,127.95277,37.3507
5113010300,원동,127.94771,37.34418
5113010400,인동,127.95457,37.34608
5113010500,개운동,127.956,37.33826
5113010600,명륜동,127.94387,37.33467
5113010700,단구동,127.95521,37.32381
5113010800,일산동,127.94311,37.34822
5113010900,학성동,127.94507,37.36088
5113011000,단계동,127.92831,37.35112
5113011100,우산동,127.93421,37.37285
5113011200,태장동,127.95697,37.37939
5113011300,봉산동,127.97822,37.35614
5113011400,행구동,128.00903,37.34268
5113011500,무실동,127.92062,37.3273
5113011600,관설동,127.98593,37.30605
5113011700,반곡동,127.99085,37.32443
5113011800,가현동,127.93076,37.38807
5113025000,문막읍,127.81642,37.29141
5113031000,소초면,128.01743,37.40692
5113032000,호저면,127.91162,37.43864
5113033000,지정면,127.83282,37.38109
5113035000,부론면,127.78884,37.20536
5113036000,귀래면,127.88076,37.19569
5113037000,흥업면,127.89665,37.28601
5113038000,판부면,127.98973,37.28128
5113039000,신림면,128.10697,37.24946
5115010100,홍제동,128.87079,37.75106
5115010200,남문동,128.88947,37.74946
5115010300,명주동,128.89139,37.75089
5115010400,성내동,128.89341,37.75242
5115010500,임당동,128.89439,37.75579
5115010600,금학동,128.89639,37.75371
5115010700,용강동,128.89072,37.75357
5115010800,성남동,128.89956,37.75277
5115010900,옥천동,128.90159,37.75855
5115011000,교동,128.88807,37.76743
5115011100,포남동,128.90797,37.7741
5115011200,초당동,128.91152,37.79075
5115011300,강문동,128.91743,37.7936
5115011400,송정동,128.92714,37.77735
5115011500,견소동,128.94368,37.77272
5115011600,내곡동,128.88173,37.73738
5115011700,회산동,128.86602,37.73829
5115011800,장현동,128.89454,37.72902
5115011900,박월동,128.91096,37.72509
5115012000,담산동,128.90159,37.7199
5115012100,노암동,128.90064,37.74364
5115012200,유산동,128.91397,37.73706
5115012300,월호평동,128.94089,37.7438
5115012400,신석동,128.92301,37.73023
5115012500,입암동,128.91676,37.75742
5115012600,청량동,128.92539,37.74504
5115012700,두산동,128.92944,37.76432
5115012800,학동,128.93187,37.75411
5115012900,병산동,128.94467,37.75969
5115013000,남항진동,128.95615,37.7592
5115013100,유천동,128.86045,37.76667
5115013200,지변동,128.86968,37.77487
5115013300,죽헌동,128.86593,37.781
5115013400,대전동,128.85271,37.79222
5115013500,운정동,128.89541,37.78823
5115013600,난곡동,128.8762,37.791
5115013700,저동,128.89267,37.79883
5115013800,안현동,128.8844,37.80559
5115013900,운산동,128.93338,37.72677
5115025000,주문진읍,128.76242,37.88671
5115031000,성산면,128.80307,37.7315
5115032000,왕산면,128.79817,37.60303
5115033000,구정면,128.88504,37.6985
5115034000,강동면,128.96883,37.67936
5115035000,옥계면,128.98161,37.59236
5115036000,사천면,128.80669,37.79997
5115037000,연곡면,128.69427,37.82809
5117010100,천곡동,129.09877,37.52055
5117010200,평릉동,129.0997,37.53192
5117010300,송정동,129.12598,37.49436
5117010400,용정동,129.11996,37.50687
5117010500,지흥동,129.09005,37.50598
5117010600,효가동,129.10953,37.49776
5117010700,동회동,129.09983,37.49284
5117010800,나안동,129.11243,37.48514
5117010900,쇄운동,129.07562,37.4785
5117011000,부곡동,129.08116,37.53635
5117011100,발한동,129.0955,37.55126
5117011200,북평동,129.12065,37.48206
5117011300,구미동,129.14096,37.48142
5117011400,추암동,129.15206,37.47418
5117011600,단봉동,129.11721,37.46897
5117011700,지가동,129.10577,37.46776
5117011800,이도동,129.1054,37.47841
5117011900,귀운동,129.08439,37.46781
5117012000,대구동,129.13479,37.4696
5117012100,호현동,129.12512,37.46457
5117012200,내동,129.13018,37.45935
5117012300,묵호진동,129.11461,37.55519
5117012400,삼화동,129.00902,37.45921
5117012500,이기동,129.00487,37.48506
5117012600,이로동,129.05405,37.49748
5117012700,어달동,129.11331,37.56502
5117012800,대진동,129.11106,37.57525
5117012900,망상동,129.08281,37.58995
5117013000,심곡동,129.07909,37.58117
5117013100,초구동,129.09145,37.57049
5117013200,괴란동,129.05973,37.57084
5117013300,만우동,129.06662,37.55347
5117013400,신흥동,128.99618,37.51869
5117013500,비천동,129.04426,37.52912
5117013600,달방동,129.01612,37.50102
5119010100,황지동,128.96694,37.17125
5119010200,장성동,129.01295,37.10337
5119010300,금천동,128.97608,37.09122
5119010400,철암동,129.05878,37.1252
5119010500,문곡동,128.99147,37.12054
5119010600,동점동,129.04888,37.09119
5119010700,소도동,128.9503,37.12258
5119010800,혈동,128.90643,37.11153
5119010900,화전동,128.94647,37.19902
5119011000,적각동,128.99703,37.22227
5119011100,창죽동,128.95701,37.23338
5119011200,통동,129.02962,37.16777
5119011300,백산동,129.04835,37.1467
5119011400,원동,128.95397,37.26725
5119011500,상사미동,128.99178,37.2735
5119011600,하사미동,128.98363,37.30887
5119011700,조탄동,128.97033,37.32341
5121010100,영랑동,128.5929,38.21608
5121010200,동명동,128.59198,38.21119
5121010300,중앙동,128.58932,38.20631
5121010400,금호동,128.57948,38.21004
5121010500,청학동,128.5845,38.20264
5121010600,교동,128.57394,38.20188
5121010700,노학동,128.52989,38.1906
5121010800,조양동,128.58185,38.18483
5121010900,청호동,128.59634,38.19553
5121011000,대포동,128.59989,38.17419
5121011100,도문동,128.5659,38.16829
5121011200,설악동,128.48497,38.16268
5121011300,장사동,128.55807,38.21416
5123010100,성내동,129.16127,37.44201
5123010200,성북동,129.15687,37.44355
5123010300,읍상동,129.16193,37.43971
5123010400,읍중동,129.16316,37.44139
5123010500,당저동,129.16328,37.44688
5123010600,교동,129.17429,37.45469
5123010700,갈천동,129.1636,37.46478
5123010800,증산동,129.15754,37.47118
5123010900,우지동,129.1461,37.45797
5123011000,마달동,129.15596,37.45315
5123011100,자원동,129.14009,37.44203
5123011200,평전동,129.13214,37.44939
5123011300,등봉동,129.12143,37.44984
5123011400,도경동,129.10185,37.44727
5123011500,마평동,129.13224,37.42544
5123011600,오사동,129.13993,37.43582
5123011700,건지동,129.14767,37.42894
5123011800,원당동,129.15028,37.44232
5123011900,성남동,129.15695,37.43259
5123012000,남양동,129.16388,37.43328
5123012100,사직동,129.17034,37.42624
5123012200,오분동,129.18826,37.42432
5123012300,적노동,129.17769,37.41463
5123012400,조비동,129.15448,37.39927
5123012500,정상동,129.1784,37.43926
5123012600,정하동,129.18842,37.44112
5123012700,근산동,129.14384,37.41761
5123025000,도계읍,129.07202,37.23065
5123025300,원덕읍,129.27779,37.18265
5123031000,근덕면,129.23712,37.31866
5123032000,하장면,128.92907,37.35522
5123033000,노곡면,129.15939,37.29362
5123034000,미로면,129.06693,37.40504
5123035000,가곡면,129.16859,37.12402
5123036000,신기면,129.05943,37.33025
5172025000,홍천읍,127.87403,37.66426
5172031000,화촌면,127.98235,37.76864
5172032000,두촌면,128.03203,37.87106
5172033000,내촌면,128.11257,37.81197
5172034000,서석면,128.21152,37.7138
5172035200,영귀미면,127.99328,37.66344
5172036000,남면,127.78562,37.61444
5172037000,서면,127.63508,37.66721
5172038000,북방면,127.81296,37.73191
5172039000,내면,128.40834,37.79472
5173025000,횡성읍,127.99585,37.49063
5173031000,우천면,128.09515,37.47449
5173032000,안흥면,128.1827,37.42356
5173033000,둔내면,128.23508,37.52356
5173034000,갑천면,128.09015,37.5688
5173035000,청일면,128.17262,37.60708
5173036000,공근면,127.96006,37.56978
5173037000,서원면,127.84765,37.4912
5173038000,강림면,128.10744,37.34943
5175025000,영월읍,128.51079,37.20191
5175025300,상동읍,128.81958,37.11665
5175031200,산솔면,128.69328,37.17034
5175032500,김삿갓면,128.63536,37.10336
5175033000,북면,128.43299,37.27219
5175034000,남면,128.38428,37.1656
5175035500,한반도면,128.34229,37.22588
5175036000,주천면,128.28239,37.2809
5175038000,무릉도원면,128.22049,37.33363
5176025000,평창읍,128.3914,37.37167
5176031000,미탄면,128.51842,37.33969
5176032000,방림면,128.32638,37.4521
5176033000,대화면,128.44735,37.49807
5176034000,봉평면,128.34672,37.61227
5176035000,용평면,128.45248,37.63102
5176036000,진부면,128.56308,37.63228
5176038000,대관령면,128.67534,37.68779
5177025000,정선읍,128.62284,37.38041
5177025300,고한읍,128.87069,37.19225
5177025600,사북읍,128.82298,37.23387
5177025900,신동읍,128.64804,37.23785
5177032000,남면,128.72918,37.28028
5177034000,북평면,128.63481,37.47864
5177035000,임계면,128.87349,37.47338
5177036000,화암면,128.80783,37.32931
5177037000,여량면,128.72958,37.49182
5178025600,갈말읍,127.32831,38.12962
5178025900,동송읍,127.22608,38.16209
5178031000,서면,127.40984,38.1307
5178032000,근남면,127.46786,38.13706
5179025000,화천읍,127.78467,38.13363
5179031000,간동면,127.81836,38.06367
5179032000,하남면,127.65406,38.08162
5179033000,상서면,127.62398,38.13693
5179034000,사내면,127.508,38.0726
5180025000,양구읍,127.95209,38.11266
5180031500,국토정중앙면,128.04995,38.08329
5180032000,동면,128.06308,38.18787
5180033000,방산면,127.89831,38.17185
5181025000,인제읍,128.24819,38.06598
5181031000,남면,128.10667,37.97504
5181032000,북면,128.31524,38.16616
5181033000,기린면,128.38923,37.96428
5181034000,서화면,128.22899,38.22508
5181035000,상남면,128.26679,37.88393
5182025000,간성읍,128.411,38.30691
5182032000,죽왕면,128.48947,38.32369
5182033000,토성면,128.49292,38.2496
5183025000,양양읍,128.60101,38.09174
5183031000,서면,128.52507,38.01092
5183032000,손양면,128.65262,38.0476
5183033000,현북면,128.64626,37.95043
5183034000,현남면,128.7387,37.93908
5183035000,강현면,128.56076,38.12931
5211110100,중앙동1가,127.14228,35.8167
5211110200,중앙동2가,127.14371,35.81716
5211110300,중앙동3가,127.14516,35.81763
5211110400,중앙동4가,127.14491,35.81523
5211110500,경원동1가,127.14737,35.8178
5211110600,경원동2가,127.14946,35.81806
5211110700,경원동3가,127.14901,35.82074
5211110800,풍남동1가,127.151,35.81854
5211110900,풍남동2가,127.15255,35.81883
5211111000,풍남동3가,127.15249,35.81603
5211111100,전동,127.14834,35.81358
5211111200,전동3가,127.1449,35.81316
5211111300,다가동1가,127.14195,35.81483
5211111400,다가동2가,127.14051,35.81412
5211111500,다가동3가,127.1401,35.81707
5211111600,다가동4가,127.13849,35.81987
5211111700,고사동,127.14303,35.82024
5211111800,교동,127.16184,35.81291
5211111900,태평동,127.13834,35.82397
5211112000,중노송동,127.15676,35.82447
5211112100,남노송동,127.15934,35.81911
5211112200,동완산동,127.144,35.80858
5211112300,서완산동1가,127.1382,35.80996
5211112400,서완산동2가,127.13457,35.80987
5211112500,동서학동,127.15829,35.80251
5211112600,서서학동,127.15257,35.79333
5211112700,중화산동1가,127.13438,35.81478
5211112800,중화산동2가,127.12229,35.81767
5211112900,서신동,127.11586,35.83233
5211113000,석구동,127.13208,35.76605
5211113100,원당동,127.11179,35.76179
5211113200,평화동1가,127.1395,35.79545
5211113300,평화동2가,127.13483,35.78526
5211113400,평화동3가,127.12528,35.77873
5211113500,중인동,127.08939,35.75562
5211113600,용복동,127.07163,35.77
5211113700,삼천동1가,127.12043,35.7969
5211113800,삼천동2가,127.10005,35.78591
5211113900,삼천동3가,127.0807,35.79627
5211114000,효자동1가,127.12288,35.80598
5211114100,효자동2가,127.09923,35.80579
5211114200,효자동3가,127.09653,35.82471
5211114300,대성동,127.1735,35.79273
5211114400,색장동,127.19623,35.79495
5211114500,상림동,127.07534,35.81732
5211114700,서노송동,127.14623,35.82599
5211310200,진북동,127.13404,35.82798
5211310300,인후동1가,127.15979,35.83265
5211310400,인후동2가,127.14755,35.84229
5211310500,덕진동1가,127.13172,35.8486
5211310600,덕진동2가,127.11356,35.84551
5211310700,금암동,127.13638,35.84095
5211310800,팔복동1가,127.1061,35.85708
5211310900,팔복동2가,127.0956,35.85443
5211311000,팔복동3가,127.09322,35.84626
5211311100,산정동,127.17334,35.84333
5211311200,금상동,127.19295,35.84137
5211311300,우아동1가,127.19849,35.81678
5211311400,우아동2가,127.17043,35.83274
5211311500,우아동3가,127.1604,35.84943
5211311600,호성동1가,127.15489,35.86287
5211311700,호성동2가,127.14641,35.87656
5211311800,호성동3가,127.13801,35.89182
5211311900,전미동1가,127.12313,35.89153
5211312000,전미동2가,127.10388,35.88666
5211312100,송천동1가,127.12615,35.85991
5211312200,송천동2가,127.12245,35.87214
5211312300,반월동,127.06795,35.87867
5211312400,화전동,127.05491,35.89219
5211312500,용정동,127.05254,35.87982
5211312600,성덕동,127.03829,35.87747
5211312700,원동,127.0364,35.86191
5211312900,고랑동,127.08668,35.88119
5211313000,여의동,127.07396,35.8598
5211313100,만성동,127.078,35.83953
5211313200,장동,127.0584,35.85496
5211313300,팔복동4가,127.10074,35.86588
5211313400,도도동,127.01439,35.88202
5211313500,강흥동,127.01001,35.89031
5211313600,도덕동,127.02659,35.89122
5211313700,남정동,127.01825,35.87113
5211313800,중동,127.06199,35.83083
5211313900,여의동2가,127.08509,35.86794
5213010100,해망동,126.67933,35.98979
5213010200,신흥동,126.70391,35.98715
5213010300,금동,126.70688,35.99091
5213010400,월명동,126.70507,35.98445
5213010500,신창동,126.71002,35.98672
5213010600,오룡동,126.70843,35.97881
5213010700,금광동,126.70685,35.9818
5213010800,신풍동,126.70351,35.98007
5213010900,송풍동,126.69944,35.98006
5213011000,문화동,126.70409,35.97395
5213011100,삼학동,126.71222,35.97675
5213011200,선양동,126.71231,35.98091
5213011300,둔율동,126.71512,35.98164
5213011400,창성동,126.71264,35.98355
5213011500,명산동,126.71011,35.98373
5213011600,송창동,126.71034,35.98159
5213011700,개복동,126.71373,35.98459
5213011800,중앙로1가,126.712,35.98694
5213011900,영화동,126.71116,35.98912
5213012000,장미동,126.71422,35.98933
5213012100,중앙로2가,126.71673,35.98305
5213012200,영동,126.71573,35.98552
5213012300,신영동,126.7195,35.98535
5213012400,죽성동,126.71698,35.98602
5213012500,평화동,126.71846,35.98383
5213012600,중앙로3가,126.71857,35.98092
5213012700,대명동,126.72182,35.97934
5213012800,장재동,126.71907,35.97819
5213012900,미원동,126.7159,35.97927
5213013000,중동,126.72441,35.98393
5213013100,금암동,126.7231,35.98594
5213013200,동흥남동,126.72032,35.97485
5213013300,서흥남동,126.71274,35.97331
5213013400,조촌동,126.74108,35.97277
5213013500,경장동,126.73048,35.97101
5213013600,경암동,126.73114,35.98048
5213013700,구암동,126.75189,35.98232
5213013800,내흥동,126.75877,35.99728
5213013900,개정동,126.76104,35.96743
5213014000,사정동,126.74925,35.9614
5213014100,수송동,126.71729,35.96413
5213014200,미장동,126.7284,35.96376
5213014300,지곡동,126.70864,35.95195
5213014400,나운동,126.69708,35.96245
5213014500,미룡동,126.68754,35.94817
5213014600,소룡동,126.62405,35.97121
5213014700,오식도동,126.55874,35.9588
5213014800,비응도동,126.53149,35.94953
5213014900,신관동,126.67169,35.94219
5213015000,개사동,126.65291,35.93625
5213015100,산북동,126.65363,35.96097
5213015200,내초동,126.60814,35.95353
5213025000,옥구읍,126.69096,35.90571
5213031000,옥산면,126.74024,35.94093
5213032000,회현면,126.76006,35.90215
5213033000,임피면,126.85964,35.97228
5213034000,서수면,126.87921,36.00047
5213035000,대야면,126.831,35.9365
5213036000,개정면,126.78608,35.96059
5213037000,성산면,126.79131,36.00027
5213038000,나포면,126.83328,36.02851
5213039000,옥도면,126.47635,35.83068
5213040000,옥서면,126.63175,35.91188
5214010100,창인동1가,126.95112,35.9415
5214010200,창인동2가,126.94558,35.94046
5214010300,중앙동1가,126.94801,35.93974
5214010400,중앙동2가,126.94765,35.93798
5214010500,중앙동3가,126.95019,35.93804
5214010600,평화동,126.94299,35.9307
5214010700,갈산동,126.95291,35.93676
5214010800,주현동,126.95689,35.93494
5214010900,인화동1가,126.94925,35.93088
5214011000,인화동2가,126.95034,35.92313
5214011100,동산동,126.96428,35.92644
5214011200,마동,126.96438,35.94017
5214011300,남중동,126.95666,35.94942
5214011400,모현동1가,126.94247,35.949
5214011500,모현동2가,126.9415,35.95798
5214011600,송학동,126.93365,35.93955
5214011700,목천동,126.92934,35.92375
5214011800,만석동,126.92344,35.97227
5214011900,현영동,126.93376,35.97331
5214012000,신용동,126.94864,35.97816
5214012100,신동,126.95975,35.96424
5214012200,영등동,126.97229,35.9578
5214012300,어양동,126.9833,35.95775
5214012400,신흥동,126.98763,35.93865
5214012500,금강동,126.98071,35.92389
5214012600,석탄동,126.9715,35.90766
5214012700,팔봉동,127.01265,35.96136
5214012800,덕기동,127.03872,35.97271
5214012900,석왕동,127.02087,35.97661
5214013000,은기동,127.01511,35.98599
5214013100,정족동,126.99511,35.98478
5214013200,임상동,126.97212,35.98253
5214013300,월성동,126.97598,35.99261
5214013400,부송동,126.99289,35.9685
5214013500,용제동,127.00078,35.94673
5214013600,석암동,127.00954,35.93904
5214025000,함열읍,126.96439,36.06141
5214031000,오산면,126.89973,35.93746
5214032000,황등면,126.93823,36.0171
5214033000,함라면,126.90511,36.04008
5214034000,웅포면,126.89156,36.0932
5214035000,성당면,126.92969,36.09585
5214036000,용안면,126.95538,36.12218
5214037000,낭산면,127.02091,36.06043
5214038000,망성면,127.02619,36.11833
5214039000,여산면,127.0912,36.05128
5214040000,금마면,127.04172,36.0072
5214041000,왕궁면,127.08395,35.97329
5214042000,춘포면,127.02343,35.92664
5214043000,삼기면,126.99354,36.0204
5214044000,용동면,126.99554,36.10644
5218010100,수성동,126.85787,35.57809
5218010200,장명동,126.86063,35.56742
5218010300,상동,126.8713,35.56109
5218010400,시기동,126.85372,35.55692
5218010500,연지동,126.84343,35.57237
5218010600,농소동,126.84388,35.5878
5218010700,하모동,126.82788,35.5707
5218010800,상평동,126.82551,35.56096
5218010900,과교동,126.83864,35.5477
5218011000,삼산동,126.81715,35.54864
5218011100,진산동,126.83115,35.53598
5218011200,금붕동,126.89008,35.54455
5218011300,송산동,126.87417,35.53995
5218011400,신월동,126.86281,35.53098
5218011500,용산동,126.8613,35.51203
5218011600,교암동,126.84375,35.53174
5218011700,부전동,126.91923,35.53294
5218011800,쌍암동,126.896,35.51415
5218011900,내장동,126.9116,35.49516
5218012000,영파동,126.85258,35.60828
5218012100,하북동,126.86471,35.59428
5218012200,구룡동,126.88392,35.5712
5218012300,흑암동,126.81438,35.60285
5218012400,용계동,126.81479,35.59123
5218012500,공평동,126.82433,35.5794
5218012600,망제동,126.83438,35.60501
5218012700,신정동,126.85099,35.49097
5218025000,신태인읍,126.87171,35.70142
5218031000,북면,126.90623,35.59636
5218032000,입암면,126.79867,35.50331
5218033000,소성면,126.78087,35.55986
5218034000,고부면,126.75807,35.60602
5218035000,영원면,126.76825,35.65124
5218036000,덕천면,126.82756,35.62994
5218037000,이평면,126.8292,35.66669
5218038000,정우면,126.88601,35.64679
5218039000,태인면,126.93665,35.65694
5218040000,감곡면,126.92826,35.71648
5218041000,옹동면,126.98644,35.64929
5218042000,칠보면,126.96476,35.57938
5218043000,산내면,127.04961,35.55124
5218044000,산외면,127.05443,35.62597
5219010100,동충동,127.38267,35.41145
5219010200,하정동,127.37953,35.4078
5219010300,죽항동,127.38805,35.40874
5219010400,쌍교동,127.38308,35.40482
5219010500,천거동,127.37811,35.40179
5219010600,금동,127.37117,35.40286
5219010700,조산동,127.36419,35.39595
5219010800,왕정동,127.37007,35.41066
5219010900,신정동,127.3603,35.4111
5219011000,화정동,127.34877,35.41427
5219011100,향교동,127.38153,35.41872
5219011200,용정동,127.38227,35.43269
5219011300,광치동,127.38057,35.45229
5219011400,내척동,127.35882,35.44064
5219011500,산곡동,127.36484,35.42599
5219011600,도통동,127.39487,35.41746
5219011700,월락동,127.40085,35.42745
5219011800,고죽동,127.40441,35.44029
5219011900,식정동,127.42378,35.4458
5219012000,갈치동,127.4132,35.45656
5219012100,노암동,127.37874,35.39168
5219012200,어현동,127.39041,35.38977
5219012300,신촌동,127.40169,35.40897
5219025000,운봉읍,127.53543,35.43053
5219031000,주천면,127.45423,35.38069
5219032000,수지면,127.37529,35.33373
5219033000,송동면,127.34378,35.35717
5219034000,주생면,127.30388,35.38489
5219035000,금지면,127.28098,35.34006
5219036000,대강면,127.23074,35.36328
5219037000,대산면,127.31536,35.42537
5219038000,사매면,127.35189,35.47827
5219039000,덕과면,127.36988,35.52505
5219040000,보절면,127.41658,35.51575
5219041000,산동면,127.47279,35.4967
5219042000,이백면,127.45959,35.4311
5219045000,아영면,127.59357,35.51079
5219046000,산내면,127.59271,35.37903
5219047000,인월면,127.61294,35.46508
5221010100,요촌동,126.88888,35.8031
5221010200,신풍동,126.89648,35.79451
5221010300,용동,126.89674,35.78555
5221010400,검산동,126.90871,35.80534
5221010500,순동,126.92166,35.81487
5221010600,백학동,126.93535,35.80548
5221010700,서암동,126.87688,35.80794
5221010800,신곡동,126.86931,35.81765
5221010900,교동,126.87461,35.79638
5221011000,옥산동,126.88234,35.7928
5221011100,갈공동,126.86335,35.80901
5221011200,하동,126.89101,35.81773
5221011300,흥사동,126.90538,35.82972
5221011400,상동동,126.93132,35.82694
5221011500,월성동,126.90831,35.76647
5221011600,황산동,126.9227,35.78203
5221011700,난봉동,126.92932,35.78998
5221011800,오정동,126.91417,35.77611
5221011900,복죽동,126.84198,35.80633
5221012000,입석동,126.8745,35.78331
5221012100,장화동,126.85959,35.77201
5221012200,신덕동,126.85078,35.76425
5221012300,월봉동,126.87487,35.7649
5221012400,신월동,126.89004,35.76516
5221012500,연정동,126.8572,35.78936
5221012600,명덕동,126.84473,35.79464
5221012700,제월동,126.88949,35.77622
5221012800,도장동,126.94145,35.76835
5221012900,서정동,126.92698,35.7585
5221013000,양전동,126.90477,35.75382
5221025000,만경읍,126.82322,35.86868
5221032000,죽산면,126.80802,35.7742
5221033000,백산면,126.8874,35.84579
5221034000,용지면,126.97102,35.84469
5221035000,백구면,126.96327,35.88763
5221036000,부량면,126.84449,35.73874
5221038000,공덕면,126.90513,35.88581
5221039000,청하면,126.85079,35.88807
5221040000,성덕면,126.81075,35.81831
5221041000,진봉면,126.75271,35.85612
5221042000,금구면,127.01788,35.78088
5221043000,봉남면,126.95692,35.74269
5221044000,황산면,126.96039,35.78874
5221045000,금산면,127.02956,35.71497
5221046000,광활면,126.73527,35.8244
5271025000,삼례읍,127.08478,35.91275
5271025300,봉동읍,127.13772,35.95017
5271025600,용진읍,127.1808,35.89699
5271032000,상관면,127.22983,35.76077
5271033000,이서면,127.03206,35.82572
5271034000,소양면,127.2557,35.85778
5271035000,구이면,127.11958,35.70657
5271036000,고산면,127.2324,35.97142
5271037000,비봉면,127.15769,36.01141
5271038000,운주면,127.31503,36.07219
5271039000,화산면,127.19896,36.05055
5271040000,동상면,127.30302,35.93918
5271041000,경천면,127.27713,36.0395
5272025000,진안읍,127.44391,35.77678
5272031000,용담면,127.48996,35.95098
5272032000,안천면,127.54704,35.90209
5272033000,동향면,127.57368,35.83663
5272034000,상전면,127.49722,35.84791
5272035000,백운면,127.42802,35.68113
5272036000,성수면,127.31886,35.72125
5272037000,마령면,127.36127,35.74637
5272038000,부귀면,127.35984,35.83872
5272039000,정천면,127.43817,35.89049
5272040000,주천면,127.40027,35.96724
5273025000,무주읍,127.65589,36.01151
5273031000,무풍면,127.84742,35.93233
5273032000,설천면,127.78309,35.95435
5273033000,적상면,127.67288,35.93486
5273034000,안성면,127.67898,35.84714
5273035000,부남면,127.56974,35.96887
5274025000,장수읍,127.5115,35.62365
5274031000,산서면,127.40937,35.58226
5274032000,번암면,127.54488,35.55547
5274033500,장계면,127.61818,35.72625
5274034000,천천면,127.52146,35.73318
5274035000,계남면,127.57989,35.68699
5274036000,계북면,127.63083,35.78979
5275025000,임실읍,127.2667,35.59244
5275031000,청웅면,127.20779,35.56545
5275032000,운암면,127.15158,35.61248
5275033000,신평면,127.23235,35.64746
5275034000,성수면,127.36009,35.62711
5275035500,오수면,127.31866,35.54141
5275036000,신덕면,127.18003,35.69113
5275037000,삼계면,127.26634,35.50779
5275038000,관촌면,127.28229,35.69534
5275039000,강진면,127.14354,35.54663
5275040000,덕치면,127.17077,35.49948
5275041000,지사면,127.3537,35.57902
5277025000,순창읍,127.13342,35.37044
5277031000,인계면,127.15901,35.42289
5277032000,동계면,127.24934,35.45645
5277033000,풍산면,127.1427,35.333
5277034000,금과면,127.08418,35.33358
5277035000,팔덕면,127.08497,35.39421
5277036000,쌍치면,126.99207,35.50516
5277037000,복흥면,126.93622,35.44519
5277038000,적성면,127.20837,35.42395
5277039000,유등면,127.18845,35.37437
5277040000,구림면,127.08713,35.46281
5279025000,고창읍,126.70405,35.43205
5279031000,고수면,126.68145,35.39014
5279032000,아산면,126.61143,35.46728
5279033000,무장면,126.57461,35.41203
5279034000,공음면,126.52667,35.38326
5279035000,상하면,126.47889,35.44435
5279036000,해리면,126.51202,35.47486
5279037000,성송면,126.63578,35.36513
5279038000,대산면,126.57317,35.33939
5279039000,심원면,126.54662,35.51251
5279040000,흥덕면,126.69947,35.53736
5279041000,성내면,126.74475,35.53545
5279042000,신림면,126.72227,35.47684
5279043000,부안면,126.64179,35.52798
5280025000,부안읍,126.74492,35.70865
5280031000,주산면,126.70907,35.66511
5280032000,동진면,126.74811,35.76103
5280033000,행안면,126.7059,35.72287
5280034000,계화면,126.67543,35.77372
5280035000,보안면,126.66693,35.62286
5280036000,변산면,126.53501,35.64388
5280037000,진서면,126.57129,35.60507
5280038000,백산면,126.79268,35.70186
5280039000,상서면,126.64566,35.669
5280040000,하서면,126.62786,35.71306
5280041000,줄포면,126.69432,35.59252
5280042000,위도면,126.2818,35.59549
